customer_id,first_name,last_name,email,phone,date_joined
7835,James,Clements,eporter@example.com,001-563-474-2248x6565,"2024-05-12 00:00:00"
7836,Colleen,Garza,brittany44@example.com,(366)550-9571x97222,"2023-07-20 00:00:00"
7837,Bryan,Sawyer,wyatt50@example.org,836-678-0712,"2022-04-15 00:00:00"
7838,Jacob,Perry,briggsstephanie@example.net,600.430.2937,"2024-12-20 00:00:00"
7839,Brian,Clark,zhangsarah@example.org,(443)306-0832,"2021-01-03 00:00:00"
7840,Joseph,Howe,wilsoncarla@example.com,466-345-3301,"2022-01-08 00:00:00"
7841,Daniel,Lucero,richardsthomas@example.com,001-474-869-0037x640,"2021-05-30 00:00:00"
7842,Theresa,Greer,matthewskimberly@example.net,001-702-561-6136x635,"2023-05-27 00:00:00"
7843,David,Macias,markmitchell@example.net,(811)677-9699,"2024-08-12 00:00:00"
7844,Tyler,Kirby,bradleybaker@example.net,746.960.4741x35927,"2022-05-05 00:00:00"
7845,Stacey,Horton,nunezrobert@example.net,+1-437-685-5568x551,"2024-11-22 00:00:00"
7846,Michelle,Jones,anna60@example.org,+1-986-257-2067x77807,"2024-01-23 00:00:00"
7847,Leslie,Perez,walkerjose@example.com,286-850-3030x73703,"2021-10-29 00:00:00"
7848,Lisa,Matthews,cruzsharon@example.net,777.418.8526x0942,"2024-12-15 00:00:00"
7849,Joshua,Mathis,kristophermills@example.org,866.817.9452x4247,"2024-04-27 00:00:00"
7850,Bonnie,Morrow,tinascott@example.net,+1-851-335-0221x2444,"2021-11-26 00:00:00"
7851,Ruth,Vance,jlarson@example.com,780-611-2408,"2023-10-07 00:00:00"
7852,Joy,Arias,cookjoseph@example.com,(509)502-5231x589,"2021-08-18 00:00:00"
7853,Ronnie,Mcfarland,amandasanders@example.com,203-742-9966x5791,"2024-04-10 00:00:00"
7854,Christopher,Craig,andersonkathryn@example.net,001-301-200-3078,"2020-09-21 00:00:00"
7855,Troy,Martinez,bradhobbs@example.com,001-432-708-0446x95677,"2020-03-17 00:00:00"
7856,Linda,Rush,brittany31@example.org,001-847-715-5007x22976,"2020-06-16 00:00:00"
7857,Jennifer,Perry,shanehansen@example.net,813-335-4953x610,"2020-10-20 00:00:00"
7858,Evan,Cooper,jonesmegan@example.org,419-910-7617,"2024-10-14 00:00:00"
7859,Meredith,Tucker,sean88@example.net,470-557-5978x6972,"2023-12-15 00:00:00"
7860,Caroline,Rivera,kellyryan@example.com,(808)333-3981,"2024-08-13 00:00:00"
7861,Jacob,Cook,coreycastro@example.com,(812)951-3120,"2021-05-10 00:00:00"
7862,Jennifer,Harrison,aherrera@example.org,+1-865-839-1280,"2021-08-26 00:00:00"
7863,Kyle,Rios,lucas92@example.org,(777)699-2018x76416,"2023-08-01 00:00:00"
7864,Paige,Powell,srobinson@example.org,589.878.0007,"2020-07-26 00:00:00"
7865,Juan,Conner,wburke@example.com,309-590-6768x378,"2022-05-27 00:00:00"
7866,Joe,Ward,brianrogers@example.org,(866)306-5717x77341,"2020-09-03 00:00:00"
7867,David,Watson,perkinsstephen@example.net,+1-934-864-0202,"2024-08-04 00:00:00"
7868,Stacy,Mcgee,jparker@example.com,928-904-9385x5961,"2023-04-28 00:00:00"
7869,Becky,Garcia,raymondking@example.com,(655)534-7992,"2022-08-17 00:00:00"
7870,Martin,Robles,tinacase@example.net,885-672-3805x830,"2022-01-08 00:00:00"
7871,Matthew,Davis,thompsonmichelle@example.org,690.612.4180x74617,"2024-06-02 00:00:00"
7872,James,Morgan,petersmicheal@example.com,(547)788-2165x433,"2023-01-21 00:00:00"
7873,Amy,Rodriguez,xluna@example.net,+1-997-978-6540x90803,"2023-05-24 00:00:00"
7874,Michael,Brennan,acevedojoan@example.net,480-840-3723,"2021-07-25 00:00:00"
7875,Samantha,Walls,jodi45@example.net,001-830-899-5622x582,"2024-01-31 00:00:00"
7876,Thomas,Ellis,chenjason@example.com,202.532.3718x59593,"2022-10-16 00:00:00"
7877,Melissa,Robinson,davidanderson@example.org,+1-590-486-3438x7866,"2023-12-31 00:00:00"
7878,Emily,Rodriguez,robertsmith@example.org,307.722.7783,"2024-04-05 00:00:00"
7879,Alexandria,Davis,duncanangela@example.com,349-886-8675,"2020-03-15 00:00:00"
7880,Andrea,Humphrey,petersonmary@example.org,368.851.5263x721,"2020-07-02 00:00:00"
7881,Michelle,Odom,pauljames@example.org,308-734-5313,"2021-05-19 00:00:00"
7882,Andrea,Maxwell,tonygray@example.com,001-494-952-6425,"2023-10-09 00:00:00"
7883,Andrew,Hernandez,cervantesamber@example.com,001-382-412-2678x89306,"2023-03-25 00:00:00"
7884,Scott,Young,joseph83@example.net,001-827-248-2714x73537,"2024-04-17 00:00:00"
7885,Bryan,Lee,kenneth91@example.com,+1-455-908-5263x2456,"2024-08-05 00:00:00"
7886,Desiree,Dixon,jwillis@example.org,506.979.1178x788,"2023-05-14 00:00:00"
7887,Pamela,Gutierrez,rogersrachel@example.org,540-726-3282x831,"2023-03-23 00:00:00"
7888,Bethany,Hawkins,swansonyolanda@example.com,701.901.5403x631,"2020-03-09 00:00:00"
7889,Michelle,Clark,mmorgan@example.net,576-955-0086x4498,"2024-12-19 00:00:00"
7890,Jennifer,Smith,estesmichael@example.com,(564)894-8096,"2022-10-26 00:00:00"
7891,Krista,Park,normalyons@example.com,(621)667-5227x1952,"2024-08-03 00:00:00"
7892,John,Frederick,craiganthony@example.net,7144274387,"2022-09-24 00:00:00"
7893,David,Murillo,carrbrandon@example.net,6117960516,"2021-08-29 00:00:00"
7894,Lauren,King,morganlarson@example.net,5145647068,"2022-11-11 00:00:00"
7895,Stephanie,Johnson,richardbryant@example.org,327-908-5990,"2023-04-09 00:00:00"
7896,Ronnie,Guerra,ruth51@example.com,587-484-4995x74517,"2021-05-28 00:00:00"
7897,Sara,Walsh,lcruz@example.org,(311)282-1286x027,"2022-10-19 00:00:00"
7898,Sherry,Jackson,vpayne@example.net,375.639.1941x855,"2020-08-03 00:00:00"
7899,Gregory,Ward,robin08@example.net,+1-709-941-7297x906,"2021-10-21 00:00:00"
7900,Mark,Elliott,bradleysean@example.net,379-882-1864x828,"2021-01-15 00:00:00"
7901,Mark,Davis,coxmichael@example.com,001-471-844-0294x73166,"2022-02-28 00:00:00"
7902,Vanessa,Anderson,jessefitzgerald@example.org,001-709-629-8515,"2021-07-05 00:00:00"
7903,Corey,Moore,michaelanderson@example.net,+1-861-593-6320,"2023-06-01 00:00:00"
7904,Arthur,Berry,shannonjacobs@example.com,324-999-6298x2878,"2020-07-21 00:00:00"
7905,John,Pittman,johnsontyler@example.org,540.715.6392x188,"2021-03-07 00:00:00"
7906,Hailey,Roth,amartin@example.net,(501)464-7883x306,"2021-02-28 00:00:00"
7907,Amy,Jones,christopherdelacruz@example.com,(919)310-8927x82826,"2023-11-12 00:00:00"
7908,Nichole,Jones,thomasgarrett@example.net,001-966-402-0769x17340,"2020-12-21 00:00:00"
7909,Nancy,Chase,williamreyes@example.net,203-315-7028x43539,"2023-03-20 00:00:00"
7910,Natalie,Beck,alanrodriguez@example.net,245.750.6170x320,"2023-09-17 00:00:00"
7911,Holly,Smith,tellis@example.net,001-258-778-1776x5133,"2021-05-28 00:00:00"
7912,Allen,Townsend,julie47@example.com,202-511-2261x981,"2023-02-15 00:00:00"
7913,Kelly,Allen,pfitzpatrick@example.org,(423)567-2114,"2023-09-30 00:00:00"
7914,Michael,Maynard,paultrevor@example.org,266.801.2499,"2023-11-29 00:00:00"
7915,Mark,Mullen,collinskimberly@example.net,(591)768-3050x90124,"2021-09-25 00:00:00"
7916,Rachel,Todd,jose03@example.com,+1-710-462-6925x214,"2022-05-09 00:00:00"
7917,Sharon,Hall,evansangela@example.org,001-418-800-5165,"2023-07-26 00:00:00"
7918,Jessica,Henry,jean48@example.net,(734)474-7873x932,"2020-05-12 00:00:00"
7919,Stacey,Blake,karla12@example.net,(650)888-2772,"2024-03-01 00:00:00"
7920,Kevin,Wilkins,lrobbins@example.net,(888)337-7191,"2021-03-30 00:00:00"
7921,Joyce,Miller,travis95@example.org,848.316.5757,"2020-06-18 00:00:00"
7922,Stephen,Edwards,jennifermann@example.net,(922)625-3736,"2021-11-14 00:00:00"
7923,Lisa,Ramos,eric81@example.net,+1-603-305-1985,"2022-03-03 00:00:00"
7924,Kathy,Grant,mark85@example.org,001-757-822-8244,"2022-05-24 00:00:00"
7925,Marcus,Mueller,jamesfloyd@example.net,642.298.8384,"2021-07-03 00:00:00"
7926,Michael,Mcdonald,ghudson@example.org,+1-386-812-4501x5419,"2023-09-06 00:00:00"
7927,Charles,Hoffman,garciakimberly@example.net,001-676-570-8719,"2023-09-23 00:00:00"
7928,Patrick,Smith,williamsanthony@example.net,001-841-701-7470,"2022-12-04 00:00:00"
7929,Elizabeth,Dyer,mccarthymichael@example.com,(885)648-4943x59064,"2021-06-08 00:00:00"
7930,Charles,Gay,roberto61@example.net,616-621-7658x7567,"2021-03-06 00:00:00"
7931,Kimberly,Ortiz,kevin74@example.com,001-237-519-8970,"2022-12-29 00:00:00"
7932,Karen,Byrd,smithmeagan@example.org,774-868-8899x49726,"2023-05-04 00:00:00"
7933,Michael,Durham,marshfelicia@example.org,267-740-8771,"2021-12-31 00:00:00"
7934,Chad,Castaneda,santosmichelle@example.org,001-663-346-4441x36842,"2023-04-07 00:00:00"
7935,Kristopher,Barrett,smithanthony@example.org,+1-250-260-1408x8892,"2020-02-27 00:00:00"
7936,Joseph,Spencer,tiffany29@example.com,9932335980,"2023-01-25 00:00:00"
7937,Carlos,Reynolds,amandacampbell@example.org,(342)904-0719,"2024-08-23 00:00:00"
7938,Ariel,Santos,freemankaren@example.net,+1-773-775-7824x5117,"2021-02-05 00:00:00"
7939,James,Vazquez,amcguire@example.com,+1-875-432-5253,"2020-07-08 00:00:00"
7940,Calvin,Davis,michaelking@example.com,264.217.7804,"2024-01-01 00:00:00"
7941,John,Blevins,brookehorton@example.com,484.825.9636,"2022-12-27 00:00:00"
7942,Brandon,Wagner,nthompson@example.org,(942)881-1191x61425,"2024-01-12 00:00:00"
7943,Tony,Petty,fhowell@example.net,901-315-6699x80433,"2022-05-01 00:00:00"
7944,Mark,Cabrera,wellschristopher@example.org,+1-535-260-6352,"2020-10-27 00:00:00"
7945,Erika,Delgado,normaklein@example.net,259.321.3588x4810,"2020-10-05 00:00:00"
7946,Lisa,Harris,debra23@example.net,+1-636-683-9408,"2020-04-23 00:00:00"
7947,Heather,Watkins,holly06@example.org,(941)355-9192,"2021-05-24 00:00:00"
7948,Leslie,Thornton,jeffreycarroll@example.com,286.236.8942,"2024-01-01 00:00:00"
7949,Lawrence,George,xwilliams@example.com,001-221-397-6278x2086,"2023-05-26 00:00:00"
7950,Julie,Crane,justinfreeman@example.net,591-203-2864,"2024-06-27 00:00:00"
7951,Kristopher,Gonzalez,amberweber@example.net,218.708.3772x5542,"2021-06-26 00:00:00"
7952,Robert,Willis,cochranthomas@example.com,001-323-739-2038,"2021-01-09 00:00:00"
7953,Jo,Leon,seanhansen@example.org,378.987.0155,"2023-09-30 00:00:00"
7954,Michelle,Gonzalez,scottturner@example.org,742.268.3928,"2021-01-25 00:00:00"
7955,Micheal,Young,rosssusan@example.com,(773)360-0726x1673,"2021-04-12 00:00:00"
7956,Sheila,Smith,wmorales@example.com,(976)262-0625,"2022-11-01 00:00:00"
7957,Patricia,Peck,bradyhoover@example.net,415.392.3873,"2020-05-22 00:00:00"
7958,Mary,Mcconnell,pittmantyrone@example.org,001-401-781-6409x699,"2021-12-03 00:00:00"
7959,Jack,Gomez,james61@example.org,001-393-275-7318x13413,"2024-05-24 00:00:00"
7960,Rhonda,Floyd,ncraig@example.com,707-389-8765,"2021-01-23 00:00:00"
7961,Cody,Elliott,cvaldez@example.org,001-308-907-1838x56795,"2022-01-24 00:00:00"
7962,Margaret,Mullins,alexis77@example.com,(796)689-6208x4188,"2021-08-06 00:00:00"
7963,Andrew,Hall,albert26@example.com,952-227-1395,"2023-03-21 00:00:00"
7964,Morgan,Black,brian19@example.net,001-793-701-8028x07398,"2020-04-18 00:00:00"
7965,Denise,Fields,ortizthomas@example.com,(878)566-1373x3544,"2024-09-18 00:00:00"
7966,Christopher,Durham,lawrencecolon@example.org,(503)706-7907x3203,"2023-04-14 00:00:00"
7967,Wyatt,Wood,lindseyangela@example.com,001-634-842-6147x3818,"2023-04-07 00:00:00"
7968,Brandon,Morris,margaret60@example.com,359-430-6912x8116,"2022-03-29 00:00:00"
7969,Brian,Valentine,olsondaniel@example.net,4144089433,"2022-07-17 00:00:00"
7970,Dana,Willis,ymoore@example.org,(794)675-2769,"2024-08-04 00:00:00"
7971,Eric,Meyer,warrenrichard@example.com,578-758-7213,"2024-09-14 00:00:00"
7972,Timothy,Maynard,jenniferwatson@example.org,459-676-0034,"2022-06-21 00:00:00"
7973,Lindsay,Mullins,bobbyyoder@example.com,940-527-6466x373,"2024-04-01 00:00:00"
7974,Martin,Dominguez,stephen07@example.org,(644)634-4632x916,"2021-07-08 00:00:00"
7975,Shannon,Navarro,jeffery56@example.org,642-412-5658,"2024-04-30 00:00:00"
7976,Shannon,Miller,kevin15@example.org,(782)548-6732,"2022-07-26 00:00:00"
7977,Patricia,Grimes,velazquezkyle@example.net,6695912869,"2023-03-22 00:00:00"
7978,Gregory,Norman,wattscatherine@example.com,865.207.2409x03193,"2022-08-21 00:00:00"
7979,Sara,Norton,justin47@example.net,+1-881-229-4919x1497,"2022-09-08 00:00:00"
7980,Ryan,Padilla,samanthaduffy@example.com,848-497-5634x2257,"2023-07-05 00:00:00"
7981,Angela,Graves,mitchelltran@example.net,(562)841-1519,"2020-11-30 00:00:00"
7982,Thomas,Brown,burnsamanda@example.net,364.813.8679,"2022-11-19 00:00:00"
7983,Linda,Reese,ckeith@example.com,454.828.7122x6033,"2022-03-27 00:00:00"
7984,Lauren,Diaz,oscar78@example.net,001-830-398-4244x6373,"2024-07-24 00:00:00"
7985,John,Mccall,johnyoung@example.com,001-343-556-5731x7537,"2022-09-16 00:00:00"
7986,Bradley,Kennedy,xsalinas@example.org,333-572-1018,"2022-06-08 00:00:00"
7987,Mary,Noble,wclark@example.net,992-922-3300,"2020-10-07 00:00:00"
7988,David,Newman,hpowell@example.org,461-774-7186x458,"2023-08-18 00:00:00"
7989,Wendy,Moore,hrosales@example.com,932-415-5199x267,"2023-05-31 00:00:00"
7990,Rebecca,Chandler,ibrooks@example.org,923.822.6395,"2020-08-23 00:00:00"
7991,Cynthia,Martin,rileydaniel@example.net,+1-385-290-9603x90184,"2024-10-05 00:00:00"
7992,Anthony,Price,oscarrose@example.com,940-783-1512x776,"2021-07-16 00:00:00"
7993,Maurice,Taylor,susan56@example.com,(549)604-5129x139,"2022-10-24 00:00:00"
7994,Jennifer,Lozano,spearsrobert@example.org,(854)486-2234x693,"2024-12-19 00:00:00"
7995,Tammy,Diaz,darlene60@example.org,(906)644-3460x38634,"2020-06-10 00:00:00"
7996,Emily,Calhoun,kevinhopkins@example.com,(601)686-6865x84528,"2023-01-12 00:00:00"
7997,Ryan,Mckinney,vhunter@example.org,001-557-476-1586x752,"2024-09-06 00:00:00"
7998,Jeremy,Hughes,roy73@example.org,9197858243,"2021-11-22 00:00:00"
7999,Stephanie,Rodriguez,rmorales@example.com,(698)518-2522x42184,"2024-03-29 00:00:00"
8000,Jessica,Martin,christine49@example.com,927.747.6489,"2022-04-19 00:00:00"
8001,Randy,Bryan,umccarthy@example.net,+1-733-932-0517x535,"2023-01-07 00:00:00"
8002,Brian,Kennedy,maciasjoshua@example.com,001-961-680-2657x0461,"2020-07-22 00:00:00"
8003,Justin,Young,ashley02@example.net,(245)693-5201x10958,"2022-07-16 00:00:00"
8004,Robert,Sutton,shieldsjoseph@example.net,(239)980-8371x1207,"2021-04-06 00:00:00"
8005,Erica,Williams,uwatson@example.net,001-761-220-6935x42037,"2020-08-11 00:00:00"
8006,Jacob,Obrien,kevinanderson@example.net,(461)406-9131x657,"2023-03-20 00:00:00"
8007,Mary,Serrano,anthonymaddox@example.net,963.469.0714,"2021-01-08 00:00:00"
8008,Michael,Carter,wgarcia@example.net,+1-573-463-5147x3053,"2022-04-07 00:00:00"
8009,Mary,Garcia,stewartwilliam@example.org,854.568.8235x73352,"2023-03-07 00:00:00"
8010,Jean,Quinn,danielmiller@example.net,001-936-311-7509,"2020-12-04 00:00:00"
8011,Nicole,Long,smithjill@example.org,721.536.3849x170,"2023-10-09 00:00:00"
8012,Cindy,Washington,derek57@example.org,706.798.6269x244,"2022-04-07 00:00:00"
8013,Sandra,Davis,jasonstevens@example.net,463-390-2538x62075,"2023-09-05 00:00:00"
8014,Matthew,Keith,nancyrodriguez@example.com,816-455-5886,"2021-04-24 00:00:00"
8015,Catherine,Beltran,zjones@example.net,001-311-865-9650x76944,"2022-11-09 00:00:00"
8016,Jennifer,Green,danny00@example.net,(929)431-2627,"2023-12-09 00:00:00"
8017,Kevin,Wallace,tricia53@example.com,+1-201-682-3319x42248,"2022-12-25 00:00:00"
8018,Jennifer,David,adam36@example.net,5353846975,"2021-06-11 00:00:00"
8019,Tricia,Adams,tony24@example.com,511.646.0460,"2020-10-10 00:00:00"
8020,Carrie,Morris,karen88@example.org,450-774-2837,"2022-01-17 00:00:00"
8021,Michael,Turner,valdezjulia@example.org,286.445.2881,"2023-09-12 00:00:00"
8022,Ana,Booker,tonysmith@example.net,001-909-855-1295,"2022-07-03 00:00:00"
8023,Robert,Casey,erinmiller@example.org,+1-332-257-9803x1675,"2023-04-13 00:00:00"
8024,Melissa,Vargas,xlowe@example.org,001-255-725-3558x8366,"2020-08-07 00:00:00"
8025,Leslie,Robbins,edavidson@example.net,737-758-5842x5592,"2024-08-19 00:00:00"
8026,James,Gonzalez,matthewsullivan@example.com,(505)592-9731x7520,"2021-11-01 00:00:00"
8027,Carlos,Cole,dawnmckenzie@example.net,(294)515-5725x242,"2022-01-09 00:00:00"
8028,Caitlin,Wilson,kimberly89@example.net,882-744-4495x0663,"2020-04-30 00:00:00"
8029,Kaitlin,Miller,kramerbarbara@example.com,418.782.1139,"2024-04-20 00:00:00"
8030,Hayden,Oneill,nathaniel62@example.org,+1-808-690-7340,"2020-08-10 00:00:00"
8031,Kristen,Castillo,tmcguire@example.net,001-556-600-5711x9632,"2023-06-16 00:00:00"
8032,Jose,Evans,melaniecooley@example.net,+1-581-221-6902x942,"2020-02-04 00:00:00"
8033,April,Frederick,granthughes@example.org,+1-856-349-7877,"2022-11-08 00:00:00"
8034,Stacey,Oneill,glenncarolyn@example.net,(772)643-6876x954,"2020-08-14 00:00:00"
8035,Donald,Smith,lindsayfrazier@example.org,827.666.0645x470,"2024-08-24 00:00:00"
8036,Gerald,Wood,dana46@example.com,251.388.5757,"2021-10-09 00:00:00"
8037,Jeremiah,Nelson,carpentererin@example.org,001-457-392-9803x391,"2023-03-04 00:00:00"
8038,Caitlin,Sherman,jeremyherrera@example.net,(480)665-4086x2248,"2020-02-08 00:00:00"
8039,Jeremy,Smith,thomascollins@example.com,+1-765-603-9305x45187,"2021-07-28 00:00:00"
8040,Chris,Jones,yorkriley@example.org,(211)212-3586x933,"2021-04-09 00:00:00"
8041,Matthew,Marshall,kellyrobinson@example.net,870-255-7344x566,"2020-10-05 00:00:00"
8042,Jasmine,Campbell,gordonscott@example.com,001-207-592-1195x50858,"2024-06-10 00:00:00"
8043,Belinda,Cantu,josephhill@example.org,438-782-9183x4564,"2022-03-25 00:00:00"
8044,Rachel,Wolfe,vincent92@example.net,+1-893-965-5789x661,"2021-10-19 00:00:00"
8045,Timothy,Peck,shannonhudson@example.com,789-208-7491x1544,"2020-12-08 00:00:00"
8046,Timothy,Berry,alyssa32@example.net,001-746-863-8849x239,"2023-07-16 00:00:00"
8047,Katherine,Harper,robertsmarvin@example.org,+1-615-883-6056x754,"2022-10-03 00:00:00"
8048,Joseph,Fry,freemankatherine@example.net,241.459.9206,"2023-10-11 00:00:00"
8049,Jill,Miller,allenjeremiah@example.org,+1-275-823-0228x42996,"2020-12-19 00:00:00"
8050,Laura,Howard,michaelmccormick@example.net,(378)588-3705,"2021-12-24 00:00:00"
8051,Sarah,Williams,breynolds@example.com,368-662-2522x727,"2022-08-29 00:00:00"
8052,Brittany,Erickson,megan11@example.com,919-224-3631x00965,"2024-08-19 00:00:00"
8053,Scott,Weiss,rosschristian@example.org,(749)722-6757,"2020-12-03 00:00:00"
8054,Steven,Alvarez,christopher13@example.net,942.681.8522x54179,"2021-07-21 00:00:00"
8055,Lindsay,Lee,belinda78@example.net,(732)348-2534,"2024-05-24 00:00:00"
8056,Amber,Buchanan,andreacox@example.net,283.845.0325x041,"2023-02-25 00:00:00"
8057,Catherine,Schmidt,lindseymaxwell@example.net,614-819-7068,"2024-02-04 00:00:00"
8058,Julie,Thompson,xtran@example.net,(509)915-4794,"2020-07-08 00:00:00"
8059,Sean,Simmons,andrew74@example.org,+1-231-487-4254x7145,"2024-10-06 00:00:00"
8060,Kimberly,Day,tthornton@example.net,(854)727-1011x964,"2020-03-01 00:00:00"
8061,Randy,Reynolds,lori01@example.net,(981)280-3612x065,"2024-11-04 00:00:00"
8062,Amy,Jones,rbradford@example.org,(379)417-5115x358,"2022-09-18 00:00:00"
8063,William,Jones,scottbryan@example.com,359-391-1895,"2022-03-16 00:00:00"
8064,Suzanne,Lozano,kurt16@example.com,001-579-881-7490x0290,"2020-03-24 00:00:00"
8065,Chelsea,Bailey,whunter@example.net,(675)810-0189x5735,"2021-06-19 00:00:00"
8066,Sabrina,Brock,armstrongnicole@example.net,386.287.7466x8949,"2024-09-04 00:00:00"
8067,Cynthia,Bentley,alyssa32@example.org,7306045482,"2024-12-30 00:00:00"
8068,Daniel,Moore,csellers@example.org,001-595-483-2281,"2022-08-16 00:00:00"
8069,Jonathan,Hart,ggreen@example.net,2106548492,"2024-03-27 00:00:00"
8070,Amy,Chapman,kathryncarroll@example.net,853.961.9600x0583,"2022-12-31 00:00:00"
8071,Jeff,Bright,wramirez@example.org,(593)663-6088x579,"2021-12-09 00:00:00"
8072,James,Ellis,michaellewis@example.org,250.993.3120,"2022-05-12 00:00:00"
8073,Rachael,Long,fsanders@example.org,7668996186,"2022-01-07 00:00:00"
8074,Abigail,Charles,janetleonard@example.net,001-536-539-5212x6983,"2020-06-13 00:00:00"
8075,Jodi,Stone,hensonjustin@example.net,(674)472-6755x161,"2024-10-23 00:00:00"
8076,Alex,Love,erica79@example.net,562.434.1425x6263,"2021-12-30 00:00:00"
8077,Sydney,Cain,ycox@example.com,496.971.2979,"2021-10-14 00:00:00"
8078,Cody,Kennedy,william29@example.com,482.339.2854x891,"2020-11-23 00:00:00"
8079,Nicholas,Shelton,ojohnson@example.net,+1-989-637-5690x20557,"2021-02-12 00:00:00"
8080,Alejandra,Morgan,patrick85@example.org,(787)490-6385x1726,"2023-05-29 00:00:00"
8081,Erika,Le,turnerkathleen@example.net,(437)888-1273,"2021-09-16 00:00:00"
8082,Kayla,Ramirez,joshuamccullough@example.org,(216)643-4040x64136,"2021-11-08 00:00:00"
8083,Donna,Novak,deborahsanchez@example.org,205-354-6686x110,"2024-03-01 00:00:00"
8084,Jennifer,Scott,oduncan@example.com,(759)920-7565,"2022-11-25 00:00:00"
8085,Andrea,James,piercemargaret@example.net,(920)262-9545,"2022-02-23 00:00:00"
8086,Anthony,Ballard,john24@example.com,774.771.6257,"2023-03-11 00:00:00"
8087,Samantha,Joyce,teresa60@example.net,+1-346-599-3941x6834,"2021-01-05 00:00:00"
8088,Theresa,Ortega,bryanaustin@example.com,+1-520-393-7082x415,"2022-04-04 00:00:00"
8089,Franklin,Richardson,maria87@example.org,001-252-427-4571x34708,"2024-07-26 00:00:00"
8090,Russell,Romero,hinesjustin@example.com,339-492-7971x13911,"2020-03-29 00:00:00"
8091,Holly,Knight,mstephenson@example.net,578-975-4095,"2024-01-17 00:00:00"
8092,Gary,Davis,xsmith@example.org,001-601-412-4352x04264,"2020-04-15 00:00:00"
8093,Debbie,Grimes,fphillips@example.org,409-551-6041x56864,"2024-08-18 00:00:00"
8094,Jamie,Allen,kellywright@example.com,311-501-4123x3031,"2022-12-03 00:00:00"
8095,Johnny,Galloway,rodriguezjennifer@example.net,479.877.0884x288,"2021-12-24 00:00:00"
8096,Holly,Carey,christine88@example.com,251.609.9719x698,"2021-02-04 00:00:00"
8097,Evan,Swanson,murphyadam@example.net,6876584388,"2022-09-27 00:00:00"
8098,Jessica,Martin,karencruz@example.net,377-804-1294,"2022-11-22 00:00:00"
8099,Gregory,Erickson,xmarshall@example.org,847.615.8822,"2022-10-11 00:00:00"
8100,Susan,Ingram,brownnicholas@example.com,+1-721-971-8990x545,"2021-01-15 00:00:00"
8101,Nicole,Hamilton,mccoykathryn@example.net,765.650.5101,"2021-07-14 00:00:00"
8102,Jacob,Rios,kaitlyn97@example.com,001-641-486-5009x82989,"2022-02-25 00:00:00"
8103,Scott,Hudson,neiljones@example.net,437.872.2589,"2021-04-09 00:00:00"
8104,Gerald,Williams,mmcconnell@example.net,690-986-2738,"2023-11-24 00:00:00"
8105,Kenneth,Jones,dmoyer@example.org,607.665.7673x007,"2021-11-13 00:00:00"
8106,Molly,Lynch,jessica67@example.net,(706)769-7516,"2021-12-08 00:00:00"
8107,Tamara,Freeman,edwardsanthony@example.org,804-260-4145,"2021-04-29 00:00:00"
8108,Samuel,Brown,kelly73@example.net,(772)684-7011x897,"2021-12-07 00:00:00"
8109,Peter,Martinez,dennis57@example.com,+1-222-359-6194x74195,"2023-02-08 00:00:00"
8110,Crystal,Shannon,samantha49@example.com,(228)341-0102x4536,"2022-06-01 00:00:00"
8111,Brandy,Scott,tylergreene@example.net,001-876-763-3735x045,"2020-12-13 00:00:00"
8112,Christopher,Murphy,lynnamy@example.org,001-209-533-1039x7762,"2024-02-21 00:00:00"
8113,Tara,Small,penny80@example.org,9289636997,"2021-03-29 00:00:00"
8114,Catherine,Morales,linda62@example.net,(968)832-1864,"2022-12-19 00:00:00"
8115,Melissa,Schmidt,mooreray@example.net,001-513-209-5071x013,"2022-03-13 00:00:00"
8116,Donald,Levine,andersonkatie@example.net,861-699-6670x30713,"2022-11-23 00:00:00"
8117,Karen,Rice,eric86@example.org,(235)975-0875x39093,"2022-06-28 00:00:00"
8118,Jay,Jackson,suarezsylvia@example.org,649.680.1586,"2021-09-08 00:00:00"
8119,Ryan,Burton,jessica65@example.net,001-880-722-8196,"2023-01-23 00:00:00"
8120,Donald,Frederick,kristen46@example.org,2134738293,"2024-10-24 00:00:00"
8121,Joshua,Reese,robertbullock@example.net,+1-433-838-7567x00386,"2021-05-16 00:00:00"
8122,Samantha,Henry,ryan14@example.com,855-849-4581x965,"2020-08-13 00:00:00"
8123,Jessica,Mitchell,alexis30@example.net,+1-726-383-9993x13694,"2021-07-20 00:00:00"
8124,Hannah,Wood,mary24@example.com,987.903.6088,"2021-07-20 00:00:00"
8125,Richard,Cooper,jonesmichelle@example.org,001-282-936-7791x0655,"2023-04-08 00:00:00"
8126,Steven,Brown,petersondaniel@example.com,(978)663-0840,"2022-10-08 00:00:00"
8127,Catherine,Rhodes,carrie59@example.org,304-843-7342x553,"2022-07-10 00:00:00"
8128,Bryan,Thomas,nicholas30@example.com,908-538-6118x88605,"2023-07-09 00:00:00"
8129,Jeffrey,Martinez,kglover@example.com,(468)561-7967,"2023-02-20 00:00:00"
8130,Luis,Robinson,vturner@example.org,001-476-657-3028x289,"2023-11-21 00:00:00"
8131,Donna,Soto,laurie53@example.org,7472544413,"2024-06-27 00:00:00"
8132,Ryan,Davis,deannaross@example.org,001-638-674-6065x71210,"2021-05-10 00:00:00"
8133,Jennifer,Patel,wmorton@example.net,+1-371-301-7173,"2020-12-31 00:00:00"
8134,Scott,Wright,milleralejandro@example.com,+1-245-817-8473x9541,"2022-05-16 00:00:00"
8135,Jeffrey,Patel,jesseramos@example.org,807.666.8103,"2021-02-11 00:00:00"
8136,Barry,Johnson,belindamunoz@example.com,+1-370-812-7487,"2020-08-10 00:00:00"
8137,Michelle,Williams,franciscoknox@example.com,709-280-2693x282,"2020-11-08 00:00:00"
8138,Becky,Peterson,aarnold@example.net,787-930-8005x8824,"2022-11-01 00:00:00"
8139,David,Hall,rmolina@example.net,(531)250-0768x253,"2020-12-16 00:00:00"
8140,Brad,Jordan,warnerjames@example.com,569-352-7712,"2024-11-07 00:00:00"
8141,Alan,Berg,john78@example.net,001-567-735-8139x061,"2022-10-02 00:00:00"
8142,Joshua,Carpenter,xcline@example.net,001-889-413-0160x18809,"2024-05-02 00:00:00"
8143,Kelsey,Hernandez,johnsonamanda@example.org,001-842-842-0894x13713,"2024-11-21 00:00:00"
8144,Keith,Dawson,curtisandrew@example.org,698.694.6621x5307,"2021-12-25 00:00:00"
8145,James,White,diazlori@example.org,(207)314-7773x5765,"2021-03-11 00:00:00"
8146,Darin,Brooks,rschmidt@example.com,5565544240,"2024-10-16 00:00:00"
8147,Lisa,Roach,hcarroll@example.org,(503)705-4076x843,"2021-08-23 00:00:00"
8148,Karen,Kramer,jasmine01@example.org,(721)917-1642,"2020-09-04 00:00:00"
8149,Noah,Woods,felicia99@example.net,919-872-7136x79747,"2020-02-24 00:00:00"
8150,Diana,Olsen,michael66@example.net,826.441.8326x454,"2021-10-02 00:00:00"
8151,Lauren,Keith,emily98@example.org,736-466-9215,"2020-11-04 00:00:00"
8152,Todd,Garrett,ygonzales@example.org,(217)429-8106x98878,"2024-05-03 00:00:00"
8153,Randy,Mcdonald,catherine26@example.org,(495)599-2116,"2022-11-13 00:00:00"
8154,Mark,Montes,fross@example.com,(359)971-4690,"2023-12-12 00:00:00"
8155,James,Daniel,matthewwebb@example.org,001-318-873-8043,"2024-07-19 00:00:00"
8156,Amy,Gray,englishmargaret@example.net,+1-856-633-7215x964,"2023-03-25 00:00:00"
8157,Kathleen,Wong,patricia83@example.com,232-628-9756x5494,"2020-05-26 00:00:00"
8158,Kyle,Simpson,thompsonmark@example.org,+1-336-748-5383,"2023-05-02 00:00:00"
8159,Cynthia,Lee,richard11@example.org,001-980-401-4571,"2020-02-16 00:00:00"
8160,Erika,Griffin,sabrina72@example.net,001-320-957-9998x6938,"2023-09-17 00:00:00"
8161,Sharon,Williams,jodi26@example.net,343-398-9285x52784,"2020-12-11 00:00:00"
8162,Ryan,Ross,mark34@example.net,678.365.1590,"2021-09-17 00:00:00"
8163,Brandi,Knight,brentcrane@example.net,8497793344,"2022-10-20 00:00:00"
8164,Dana,Rios,tsmith@example.com,(308)629-6003x518,"2023-05-21 00:00:00"
8165,Elizabeth,Johnson,nguyenwendy@example.net,(323)604-3223x312,"2024-05-31 00:00:00"
8166,Kevin,Young,nramirez@example.net,2628326238,"2024-12-09 00:00:00"
8167,Kimberly,Goodwin,zrobinson@example.com,(993)623-8943,"2021-05-14 00:00:00"
8168,Thomas,Smith,vcole@example.org,519-985-1120x651,"2024-10-08 00:00:00"
8169,Jennifer,Williams,jacquelineramsey@example.net,8656396690,"2021-06-12 00:00:00"
8170,Lisa,Byrd,tsmith@example.net,545.569.9201x9820,"2021-03-06 00:00:00"
8171,Jason,Jones,thomasmaureen@example.com,+1-915-524-1291x01904,"2020-12-25 00:00:00"
8172,Jennifer,Johnson,sharvey@example.net,965.387.8356x04899,"2020-05-16 00:00:00"
8173,Michael,Lee,ccoleman@example.org,996.835.6815x5170,"2021-09-11 00:00:00"
8174,Jeffrey,Gomez,joshuajohnson@example.org,001-340-834-4374x829,"2024-08-14 00:00:00"
8175,Matthew,Hernandez,ocallahan@example.com,439.664.4216x32450,"2022-10-18 00:00:00"
8176,Lawrence,Brown,heatherarroyo@example.org,573.632.8785,"2020-03-05 00:00:00"
8177,Joseph,Martin,keithparrish@example.com,+1-285-486-2570x76767,"2021-11-09 00:00:00"
8178,Jessica,Allen,greerrobin@example.com,+1-850-778-5763x44286,"2024-10-31 00:00:00"
8179,Joyce,Lewis,gregorywalker@example.net,001-612-428-4542x6141,"2022-03-12 00:00:00"
8180,Tonya,Mercer,julia11@example.org,844.321.0932x94743,"2020-11-27 00:00:00"
8181,Randall,Torres,riverakristin@example.org,207-846-4434x01182,"2021-07-14 00:00:00"
8182,Miranda,Ruiz,qmontgomery@example.net,(981)726-5404x48982,"2023-09-17 00:00:00"
8183,Ashley,Harmon,zwells@example.org,262.282.3027,"2023-05-20 00:00:00"
8184,Nathan,Williamson,julie66@example.org,(513)645-2471x8243,"2024-06-02 00:00:00"
8185,Audrey,Wilson,katrinamiller@example.org,823.936.4250x40154,"2023-05-08 00:00:00"
8186,Maria,Chang,shirley42@example.com,+1-731-852-7643x3213,"2020-09-03 00:00:00"
8187,Crystal,Luna,ohenderson@example.net,268-241-7183x800,"2021-08-20 00:00:00"
8188,Marvin,Ford,vvaldez@example.org,736.213.5936x58378,"2022-09-24 00:00:00"
8189,Stephanie,Walker,tsmith@example.org,983.268.1554x0841,"2021-08-18 00:00:00"
8190,Patty,Castillo,susanwilliams@example.com,+1-526-997-3701x20468,"2021-08-11 00:00:00"
8191,Shane,Robinson,frederick50@example.com,661-423-7952x73676,"2020-10-30 00:00:00"
8192,Melissa,Meyer,jeffrey03@example.org,001-200-731-1555x674,"2021-02-21 00:00:00"
8193,Erica,Vasquez,campbelltonya@example.com,+1-846-274-4069,"2022-09-21 00:00:00"
8194,Jacqueline,Hendricks,hjackson@example.com,885-454-8037x440,"2023-02-22 00:00:00"
8195,Michael,Nolan,calderondaniel@example.com,(296)352-8103x66077,"2022-08-27 00:00:00"
8196,Amy,Fox,bbaker@example.org,5434047059,"2023-09-17 00:00:00"
8197,Robert,Greer,cynthia96@example.net,807.261.1693x411,"2024-03-06 00:00:00"
8198,Mary,Johnson,shannon85@example.net,331.602.7865,"2023-04-20 00:00:00"
8199,Amy,Russo,james46@example.net,506-783-2059x2189,"2020-02-14 00:00:00"
8200,Samantha,Craig,cochrancarolyn@example.org,399.357.5953,"2024-08-18 00:00:00"
8201,Brett,Baker,michael29@example.com,+1-807-530-1801x543,"2024-06-30 00:00:00"
8202,Daniel,Pruitt,walkermichael@example.net,(603)848-6982x93407,"2024-08-18 00:00:00"
8203,Erin,Harris,cole83@example.net,001-355-870-1631x94996,"2024-01-25 00:00:00"
8204,Hector,Rodriguez,kellymartin@example.net,576-602-7217x29198,"2022-04-20 00:00:00"
8205,Kathleen,Perez,michellehuynh@example.net,(503)563-1629,"2024-07-17 00:00:00"
8206,Samantha,Davis,rebecca18@example.net,520-710-1469,"2020-07-13 00:00:00"
8207,Isaac,Johnson,cbrennan@example.org,001-989-551-1341,"2022-02-03 00:00:00"
8208,Kelly,Henderson,awilson@example.com,(482)257-2536x3822,"2021-01-18 00:00:00"
8209,Brittany,Peterson,brenda54@example.com,334-861-9647,"2021-01-16 00:00:00"
8210,Steven,Hayes,jamesli@example.org,283.427.8058,"2022-02-21 00:00:00"
8211,Jason,Harper,elizabeth54@example.org,001-823-440-2417,"2023-10-24 00:00:00"
8212,Patrick,Sullivan,thomasnathaniel@example.net,764.350.6067x796,"2021-06-01 00:00:00"
8213,Caleb,West,matthewbenson@example.net,5313856865,"2021-09-12 00:00:00"
8214,Kirsten,Vazquez,meaganbryant@example.com,001-718-386-2069x52157,"2022-04-16 00:00:00"
8215,Jason,Ruiz,david27@example.com,644.357.6378x96121,"2022-01-11 00:00:00"
8216,Mark,Young,jingram@example.com,245-381-6365,"2022-11-05 00:00:00"
8217,Ann,Cummings,zpratt@example.com,001-711-259-4674x33864,"2024-12-06 00:00:00"
8218,Natalie,Garner,yatesvictor@example.org,(557)867-3973x320,"2021-09-30 00:00:00"
8219,Ian,Lang,javierbrennan@example.net,547.502.8182,"2020-04-12 00:00:00"
8220,John,Medina,fuenteskathy@example.org,4198473445,"2022-11-07 00:00:00"
8221,Robert,Burnett,mooreapril@example.org,584-958-2294x08236,"2021-11-21 00:00:00"
8222,Maria,Bailey,ydiaz@example.org,364.962.3813x25081,"2021-01-17 00:00:00"
8223,Sarah,Bowen,turnerdavid@example.com,315-539-9287x8131,"2021-10-09 00:00:00"
8224,Joseph,Harrison,jessicadouglas@example.com,+1-811-850-4390x00068,"2020-07-01 00:00:00"
8225,Jose,Acevedo,katiewashington@example.org,001-368-489-7680x3267,"2020-04-13 00:00:00"
8226,Kevin,Perez,zbishop@example.net,7825618514,"2024-12-13 00:00:00"
8227,Melinda,Cook,stoutpatrick@example.net,617.788.0150x37528,"2020-07-04 00:00:00"
8228,Christie,Hill,taylorcaitlin@example.org,(782)694-1903,"2022-10-17 00:00:00"
8229,Karen,Harper,ashleysmith@example.net,687.504.0130x4073,"2022-08-03 00:00:00"
8230,Anthony,Garcia,marcussimpson@example.org,(635)219-1240,"2021-05-30 00:00:00"
8231,Daniel,Price,gregoryconnie@example.net,434.579.5309x0594,"2024-03-24 00:00:00"
8232,Peter,Bailey,jamesgates@example.net,9938096489,"2020-09-26 00:00:00"
8233,Roberto,Holt,scott01@example.org,675-545-1608x89086,"2020-08-01 00:00:00"
8234,Christopher,Smith,michaelwalker@example.org,216-607-6612x615,"2022-06-19 00:00:00"
8235,Anthony,Garcia,wpitts@example.net,001-935-577-8729x6354,"2022-07-25 00:00:00"
8236,Joshua,Morris,gillvanessa@example.org,747-509-8378x768,"2023-08-09 00:00:00"
8237,Lauren,Miller,joshua71@example.net,483-283-3904x81934,"2021-06-22 00:00:00"
8238,Christine,Hill,suzannedixon@example.org,604-517-4522x67845,"2022-03-29 00:00:00"
8239,Richard,Sanders,qjackson@example.org,001-877-651-0297,"2022-04-01 00:00:00"
8240,Melinda,Patel,lovewilliam@example.net,+1-910-361-8339x13116,"2022-02-09 00:00:00"
8241,Gary,Morales,livingstonmichele@example.com,227.377.5425,"2021-01-28 00:00:00"
8242,Peter,Banks,hughesdana@example.net,749.918.6251,"2023-08-09 00:00:00"
8243,Mark,Adams,dmartinez@example.org,6344254629,"2021-02-19 00:00:00"
8244,Ashley,Watson,andrewsmary@example.net,909-483-3817x6792,"2020-05-10 00:00:00"
8245,Gregory,Miller,julieshannon@example.com,(377)715-7156x826,"2024-11-04 00:00:00"
8246,Crystal,Munoz,bbarker@example.net,551-326-6348x7712,"2024-07-26 00:00:00"
8247,Jacob,Black,desiree84@example.com,001-853-253-7737x798,"2022-06-05 00:00:00"
8248,Latoya,Espinoza,imurphy@example.org,(329)959-8761x596,"2023-02-01 00:00:00"
8249,Bryan,Cobb,hwhite@example.com,924-613-9825x1564,"2021-10-04 00:00:00"
8250,Dillon,Walsh,mark36@example.net,001-679-378-1616x330,"2021-10-13 00:00:00"
8251,Alexander,Berger,deborahfischer@example.net,498-845-4320x9482,"2023-06-20 00:00:00"
8252,Erin,Ochoa,gchang@example.net,558.214.1662,"2022-06-23 00:00:00"
8253,Tiffany,Brown,urivas@example.net,(786)392-7278,"2021-09-20 00:00:00"
8254,David,Smith,ubrooks@example.com,(222)313-1098x39097,"2022-07-02 00:00:00"
8255,Michelle,Tran,turneraustin@example.net,001-761-366-2770x73708,"2022-01-28 00:00:00"
8256,Lisa,Rogers,sandersjames@example.com,+1-387-819-0687x46192,"2022-07-24 00:00:00"
8257,Julie,Carroll,nathanpeters@example.com,721.254.4185x34223,"2020-03-22 00:00:00"
8258,Cody,Valdez,joshua85@example.net,001-643-944-0071,"2024-06-24 00:00:00"
8259,Arthur,Morgan,yleon@example.org,302.672.4964,"2024-07-28 00:00:00"
8260,John,Heath,roger93@example.net,980.695.9350,"2021-07-28 00:00:00"
8261,Brandon,Stewart,wjackson@example.net,484.893.9563x8819,"2022-03-22 00:00:00"
8262,Jason,Mason,stephaniemitchell@example.com,(301)808-1467x48774,"2024-10-02 00:00:00"
8263,Diane,Carter,martinconnor@example.org,001-695-898-2691x378,"2024-03-25 00:00:00"
8264,Bryan,Alvarez,tracy12@example.com,967.555.0059,"2021-09-23 00:00:00"
8265,Levi,Stephens,melissarogers@example.net,400.837.9297,"2020-11-03 00:00:00"
8266,Mark,Ellis,michelle98@example.org,539-260-2015x25160,"2024-01-28 00:00:00"
8267,Rebecca,Walters,jonobrien@example.net,+1-251-982-8130,"2021-03-28 00:00:00"
8268,Daniel,Maldonado,wberry@example.com,575-775-4068,"2023-11-24 00:00:00"
8269,Nathan,Ramirez,william42@example.org,407-654-5748,"2020-01-25 00:00:00"
8270,Christopher,Short,christinacook@example.net,670.836.2446,"2024-07-23 00:00:00"
8271,Lisa,Mccarty,dlynch@example.org,001-391-224-1173,"2023-08-28 00:00:00"
8272,Olivia,Scott,orozcorenee@example.org,777.414.3384x2323,"2020-06-30 00:00:00"
8273,Loretta,Dixon,nicolemacias@example.net,783.751.4327x878,"2020-05-26 00:00:00"
8274,Susan,Diaz,melaniehall@example.net,692-464-6246x8713,"2023-12-27 00:00:00"
8275,John,Meyer,ngriffith@example.net,472-286-8582,"2023-04-07 00:00:00"
8276,Angela,King,wmarshall@example.com,001-972-401-9515x0427,"2024-08-12 00:00:00"
8277,Richard,Anderson,katherinesnyder@example.com,250-792-0025x10165,"2024-09-03 00:00:00"
8278,Patrick,Goodman,labbott@example.org,(812)844-3063,"2022-01-08 00:00:00"
8279,Steven,Adams,nicholstony@example.net,+1-383-202-8021x476,"2023-01-12 00:00:00"
8280,Kaitlyn,Ball,cassandrajackson@example.com,366-258-7014x3107,"2023-10-15 00:00:00"
8281,Amy,Gonzalez,ybrooks@example.com,001-522-584-2226x2152,"2020-06-23 00:00:00"
8282,Lisa,Hendrix,kjohnson@example.org,3936632980,"2021-01-06 00:00:00"
8283,Mike,Becker,david64@example.com,001-678-415-1264x2390,"2023-06-19 00:00:00"
8284,Patrick,Garza,wmaxwell@example.net,001-465-791-7346,"2023-05-04 00:00:00"
8285,Leslie,Lynch,zcook@example.net,(382)612-8250x5780,"2024-10-17 00:00:00"
8286,Lawrence,Carrillo,nschroeder@example.net,7558853375,"2023-06-03 00:00:00"
8287,Jennifer,Gray,cindyreyes@example.com,8058824395,"2020-01-18 00:00:00"
8288,Robert,Lee,williamschristopher@example.com,(532)608-9254x6690,"2022-08-02 00:00:00"
8289,Nicole,Delgado,victoria35@example.com,287.484.6413,"2023-06-30 00:00:00"
8290,Michael,Arnold,whitney12@example.com,+1-774-688-5201x8936,"2021-09-19 00:00:00"
8291,Raymond,Chung,alexandra13@example.com,(428)371-1478x36926,"2022-11-07 00:00:00"
8292,Steven,Baldwin,fosterrobert@example.com,413-902-9540x314,"2023-02-25 00:00:00"
8293,Annette,Jones,donaldcarr@example.com,(984)309-5476x3831,"2022-11-03 00:00:00"
8294,Margaret,George,amanda33@example.com,001-568-241-4877x509,"2023-08-10 00:00:00"
8295,Michelle,Lewis,jjordan@example.com,896.977.6529x6635,"2024-03-24 00:00:00"
8296,Nicholas,Vang,christian27@example.net,(274)869-7315x9865,"2020-01-20 00:00:00"
8297,Jacqueline,Burns,fostermelissa@example.org,5103742997,"2020-02-22 00:00:00"
8298,Peter,Wilson,rodriguezamy@example.org,(333)690-5300x1650,"2020-08-29 00:00:00"
8299,Jason,Morales,wgallegos@example.org,813-931-4331x1971,"2020-07-25 00:00:00"
8300,Julie,Rodriguez,robin60@example.com,673.967.6681,"2021-12-26 00:00:00"
8301,Rebecca,Archer,allencarla@example.com,001-681-980-0533x8235,"2020-12-22 00:00:00"
8302,Kaitlyn,Sweeney,heathergalvan@example.net,001-486-678-1344x1769,"2022-04-14 00:00:00"
8303,Ralph,Miller,cassidy41@example.com,(874)654-3476x4683,"2021-10-15 00:00:00"
8304,Benjamin,Allen,margaret41@example.net,+1-881-436-8121x187,"2021-03-15 00:00:00"
8305,Jeffrey,Contreras,robertarias@example.com,645.443.4946,"2024-07-30 00:00:00"
8306,Cameron,Watson,dawngardner@example.com,001-593-398-0729x1507,"2020-07-16 00:00:00"
8307,Greg,Byrd,zpeterson@example.net,496-534-5816,"2020-03-14 00:00:00"
8308,Jade,Simmons,garciadavid@example.net,(958)476-1839x96914,"2020-01-24 00:00:00"
8309,Sean,Farmer,justin31@example.com,001-731-729-9922x9597,"2024-05-10 00:00:00"
8310,Mary,Roth,fosterjanet@example.net,(389)241-7493,"2020-07-29 00:00:00"
8311,Daniel,Hamilton,juliadougherty@example.com,(528)218-8544,"2022-11-17 00:00:00"
8312,David,Burns,charles05@example.com,462.652.7066,"2022-05-04 00:00:00"
8313,Yesenia,Taylor,vickiestevens@example.org,368.610.1598,"2021-04-30 00:00:00"
8314,Jason,Saunders,nicolebarnett@example.net,+1-404-936-6824x030,"2020-09-19 00:00:00"
8315,Taylor,Nguyen,amanda38@example.org,522.427.8491x66559,"2024-09-01 00:00:00"
8316,John,Keith,erin08@example.com,955-940-5901,"2022-04-04 00:00:00"
8317,Vickie,Ramirez,vazquezgary@example.net,(579)355-0836,"2023-12-03 00:00:00"
8318,Dawn,Baker,wpugh@example.com,+1-252-687-7316x504,"2024-07-17 00:00:00"
8319,Randy,Santana,whitegabriela@example.com,990.601.3010,"2023-08-25 00:00:00"
8320,Kristina,Williams,fieldsryan@example.org,848-976-5355x6473,"2024-08-26 00:00:00"
8321,Lindsey,Becker,wmontgomery@example.org,207-586-5428,"2021-06-09 00:00:00"
8322,Nicole,Scott,duncanmegan@example.com,(393)387-8872x698,"2023-10-10 00:00:00"
8323,Shaun,Velez,brittanyyoder@example.com,2689687400,"2021-08-30 00:00:00"
8324,Connor,Fleming,jeffrey88@example.com,(612)452-1657,"2023-10-15 00:00:00"
8325,Darren,Gonzales,hmcgrath@example.org,(504)953-6302,"2020-11-30 00:00:00"
8326,Nicholas,Evans,brendadean@example.org,984.590.8349x68712,"2021-06-06 00:00:00"
8327,Ashley,Mcfarland,eric90@example.net,(967)990-9640x7388,"2022-10-27 00:00:00"
8328,Richard,Thomas,lbennett@example.org,001-508-976-5580x56389,"2022-10-02 00:00:00"
8329,Bonnie,Moore,williamsjennifer@example.com,810.864.4107,"2021-09-12 00:00:00"
8330,Kristi,Charles,alexanderking@example.net,+1-968-285-8036,"2022-03-21 00:00:00"
8331,Mary,Sanchez,david18@example.net,001-490-426-0222x011,"2023-01-29 00:00:00"
8332,Emily,Montes,morganbrian@example.net,(776)974-0553,"2021-09-08 00:00:00"
8333,Sonya,Holden,michaelkelly@example.com,845.425.1322,"2024-08-19 00:00:00"
8334,Tiffany,Hansen,gomezlisa@example.com,(564)483-5497,"2020-07-17 00:00:00"
8335,Jacqueline,Rodgers,sbrown@example.net,937.884.2368,"2022-05-27 00:00:00"
8336,Robin,Williams,riverakimberly@example.org,693-817-5401x6580,"2022-07-12 00:00:00"
8337,Michael,Daugherty,jessica26@example.net,001-593-404-2029x7199,"2023-01-18 00:00:00"
8338,Natalie,Wilson,vhatfield@example.org,6847004244,"2024-11-11 00:00:00"
8339,Lisa,Davis,martha10@example.org,830-604-7964x7280,"2021-09-19 00:00:00"
8340,Bianca,Sanchez,markorozco@example.org,(985)650-4173,"2024-04-23 00:00:00"
8341,Alexandra,Wright,ryan55@example.net,(859)850-7199x684,"2021-03-10 00:00:00"
8342,James,Lopez,travis21@example.net,992.553.0402x0801,"2024-04-30 00:00:00"
8343,Angela,Pierce,hutchinsonalexander@example.net,(576)927-0207x763,"2023-01-26 00:00:00"
8344,Jason,Elliott,kingtyler@example.org,958-752-2678x573,"2020-04-27 00:00:00"
8345,Robert,Peterson,ladams@example.org,001-730-904-5378,"2022-10-31 00:00:00"
8346,Kimberly,Delgado,yujeremiah@example.org,+1-971-933-0475x02895,"2023-01-14 00:00:00"
8347,Cheryl,Parker,lorireyes@example.com,440.768.2923x90703,"2021-04-08 00:00:00"
8348,Jacob,Payne,fletcherdavid@example.com,001-938-857-1018x81199,"2020-11-25 00:00:00"
8349,Joseph,King,princejustin@example.org,284.553.9930,"2020-08-03 00:00:00"
8350,Alicia,Dyer,gonzalezaaron@example.com,850-601-3541x1505,"2023-01-29 00:00:00"
8351,Kelly,Chapman,kellycrawford@example.com,+1-768-429-4902x96124,"2022-01-03 00:00:00"
8352,Heidi,Barber,rvega@example.com,(864)434-1721x790,"2022-06-01 00:00:00"
8353,Monica,Yoder,judithholland@example.net,854.974.3631x498,"2022-12-28 00:00:00"
8354,Karen,Hernandez,johnsonvincent@example.com,219.554.1866x3049,"2022-09-04 00:00:00"
8355,Edward,Shields,kaylee72@example.com,815.979.6904x082,"2020-04-24 00:00:00"
8356,Deborah,Ramirez,eberry@example.com,+1-624-481-7881x2607,"2021-02-12 00:00:00"
8357,Patricia,Garcia,kimberlydillon@example.org,+1-453-476-8591x50034,"2020-01-10 00:00:00"
8358,Ricardo,Burke,connor96@example.org,732-487-4839x617,"2024-02-19 00:00:00"
8359,Billy,Norris,michaelsantos@example.com,736-891-1535x6821,"2020-05-20 00:00:00"
8360,Stephen,Roach,kathleen36@example.net,(466)204-4725,"2020-09-03 00:00:00"
8361,Morgan,Brown,adam36@example.com,(206)229-8443,"2024-05-06 00:00:00"
8362,Amber,George,grantzachary@example.net,7655878230,"2024-10-26 00:00:00"
8363,Caroline,Martin,jenniferthomas@example.net,(622)843-2626x6047,"2022-03-27 00:00:00"
8364,Todd,Yates,btorres@example.com,+1-712-338-4604,"2020-06-09 00:00:00"
8365,Christina,Austin,thompsonnathaniel@example.net,585-309-7954,"2020-11-04 00:00:00"
8366,Paula,Mathis,jsnyder@example.org,(940)554-5801x5528,"2021-04-28 00:00:00"
8367,Aaron,Gamble,bbarry@example.org,001-592-781-7016x78005,"2020-08-10 00:00:00"
8368,John,Chavez,patricia46@example.com,477.726.7868x49579,"2021-10-03 00:00:00"
8369,Andrew,Sanchez,vcase@example.org,+1-577-344-8874x04079,"2022-05-09 00:00:00"
8370,Kim,Harvey,xfernandez@example.org,001-380-682-7023x61161,"2020-11-20 00:00:00"
8371,Katie,Thornton,zavalaalexander@example.net,(420)468-2497,"2024-06-26 00:00:00"
8372,Dustin,Poole,marqueztracy@example.net,526-229-2985,"2021-08-09 00:00:00"
8373,Blake,Mckay,turnerlinda@example.org,+1-841-972-5087x07346,"2024-08-03 00:00:00"
8374,Christina,Bender,wendy82@example.org,+1-341-467-5296x42953,"2021-09-07 00:00:00"
8375,Darrell,Butler,brandonjones@example.net,(227)200-3468,"2022-12-18 00:00:00"
8376,Michael,Reed,trevorchapman@example.net,256-834-2679x3818,"2022-09-27 00:00:00"
8377,Kaitlyn,Schaefer,sarahfoster@example.net,+1-890-387-4552,"2023-09-12 00:00:00"
8378,Ryan,Miles,joseph56@example.com,001-903-828-7777,"2022-11-03 00:00:00"
8379,David,Lopez,reedsabrina@example.org,396-575-8821x94816,"2022-08-17 00:00:00"
8380,Howard,Davis,hmeadows@example.net,594-940-6786,"2024-06-28 00:00:00"
8381,Tim,Ortiz,wjohnson@example.org,001-316-685-6794,"2022-12-13 00:00:00"
8382,Amanda,Reynolds,vturner@example.net,+1-288-630-9311x246,"2024-06-29 00:00:00"
8383,Jeremy,Hill,eric42@example.com,803.963.1843x0245,"2022-01-16 00:00:00"
8384,Manuel,Kim,jennifer94@example.com,(775)292-0248x0132,"2020-11-07 00:00:00"
8385,Brian,Rose,mark35@example.net,(292)800-7938x256,"2021-08-13 00:00:00"
8386,Charles,Garrett,ldaugherty@example.net,490-432-4526,"2022-01-28 00:00:00"
8387,Mark,Frye,etyler@example.com,714.640.1841,"2024-12-25 00:00:00"
8388,Richard,Cooke,thomas83@example.com,001-325-874-5242x3105,"2020-04-19 00:00:00"
8389,Crystal,Gomez,spencernicholas@example.com,4358838658,"2022-05-08 00:00:00"
8390,Andrew,Atkinson,georgetheresa@example.org,2902195896,"2023-06-20 00:00:00"
8391,Tracy,Green,jenniferjordan@example.com,(755)593-9235x16017,"2024-11-12 00:00:00"
8392,Richard,Cardenas,carriebrown@example.org,568-706-2039x2490,"2020-11-25 00:00:00"
8393,Courtney,Smith,warnerconnie@example.net,(456)286-6679x754,"2024-08-20 00:00:00"
8394,Angela,Wallace,emily22@example.net,285-261-9833,"2024-10-19 00:00:00"
8395,Amy,Norris,curtis23@example.net,(597)418-4209x576,"2023-02-24 00:00:00"
8396,Michael,Cook,kristin73@example.com,001-620-743-1789x45276,"2024-01-13 00:00:00"
8397,William,Adams,zsimmons@example.net,+1-804-293-0808,"2021-05-16 00:00:00"
8398,Jennifer,Hammond,joel04@example.com,917.286.6901,"2021-06-12 00:00:00"
8399,Logan,Duncan,jasonrogers@example.org,(687)781-0834,"2021-11-13 00:00:00"
8400,Mark,Carroll,gregory32@example.org,+1-721-929-8312x778,"2024-05-13 00:00:00"
8401,Michele,Bishop,thomaschristina@example.com,001-425-393-0775x9369,"2020-09-18 00:00:00"
8402,Valerie,Thompson,anthonyallen@example.org,(206)594-8739x329,"2020-01-25 00:00:00"
8403,William,Randall,potterjanet@example.net,301.886.0160x642,"2022-06-17 00:00:00"
8404,Donna,Davis,hvance@example.com,+1-695-789-2768x942,"2020-04-12 00:00:00"
8405,Steven,Lowe,matthewmckenzie@example.net,238.360.2782,"2020-09-08 00:00:00"
8406,Robert,Rivera,josewilliams@example.net,(659)637-1000,"2020-08-10 00:00:00"
8407,Paula,Swanson,qfleming@example.com,(811)513-0134x5846,"2022-01-13 00:00:00"
8408,David,Lucas,milleramber@example.com,001-304-917-7668x76365,"2020-08-05 00:00:00"
8409,Victoria,Rivera,saraberg@example.org,9425726887,"2024-07-31 00:00:00"
8410,Victor,Anderson,aaronkane@example.com,(611)384-9587x977,"2024-04-30 00:00:00"
8411,Craig,Dominguez,pjones@example.net,001-326-895-0262x28639,"2023-02-28 00:00:00"
8412,Heather,Davis,prodriguez@example.com,875.660.0297x2436,"2022-10-24 00:00:00"
8413,Johnny,Jacobs,paigeparsons@example.com,(554)572-1546x7667,"2022-06-29 00:00:00"
8414,Stephanie,Montes,potterchristopher@example.org,001-786-334-2034,"2021-09-20 00:00:00"
8415,Eric,Avery,carla78@example.com,(318)685-8753x618,"2022-01-25 00:00:00"
8416,David,Rogers,megan36@example.net,+1-749-534-6906,"2022-12-22 00:00:00"
8417,Brooke,Bishop,stewartrandy@example.com,9792738518,"2021-02-15 00:00:00"
8418,Alexander,Faulkner,amyduncan@example.org,795-421-9105x129,"2023-04-11 00:00:00"
8419,Jeffrey,Bowman,david13@example.org,589.520.8459x34995,"2023-02-04 00:00:00"
8420,Tiffany,Arellano,lisa88@example.com,382.207.9691,"2022-06-10 00:00:00"
8421,Richard,Harrison,carolyn68@example.net,001-207-484-0291x204,"2022-02-11 00:00:00"
8422,Bobby,Williams,ruthmolina@example.net,627-275-4135,"2023-11-28 00:00:00"
8423,Joyce,Romero,darlenepeterson@example.com,427.698.3568x9230,"2023-10-21 00:00:00"
8424,Joseph,Gutierrez,michaelmoore@example.net,883.253.2469,"2023-04-08 00:00:00"
8425,Natalie,Carter,david48@example.net,001-636-270-4222x132,"2024-07-04 00:00:00"
8426,Jonathan,Mathis,colelauren@example.com,+1-685-831-5316x180,"2020-04-11 00:00:00"
8427,Michael,Brown,timothybryant@example.net,+1-337-743-6063x893,"2021-07-16 00:00:00"
8428,Rebecca,Mason,grimeskatherine@example.org,001-974-238-7064,"2023-10-25 00:00:00"
8429,Gary,Henry,vgordon@example.com,243-613-5096x104,"2020-04-13 00:00:00"
8430,Tiffany,Cook,slowe@example.com,503-678-2312,"2024-12-20 00:00:00"
8431,Samuel,Schmidt,amber35@example.net,649.495.6331x6061,"2021-09-15 00:00:00"
8432,Dustin,Ellis,kaitlin09@example.org,(914)976-5547x39996,"2023-11-21 00:00:00"
8433,Dylan,Jackson,tina56@example.net,+1-823-490-7103x7066,"2020-03-06 00:00:00"
8434,Caitlin,Green,taustin@example.net,837-200-6671,"2023-08-16 00:00:00"
8435,Alex,Carlson,kathryndavis@example.org,254.521.3411,"2023-07-16 00:00:00"
8436,Mark,Robertson,jason52@example.org,853.967.2899x5314,"2024-01-28 00:00:00"
8437,Frank,Carter,paulfisher@example.net,(775)636-2449x777,"2022-10-03 00:00:00"
8438,Alex,Scott,davidbarnes@example.org,284.485.9081x08033,"2024-01-31 00:00:00"
8439,Joshua,Thomas,larry69@example.net,804.354.2651x829,"2022-08-17 00:00:00"
8440,Emily,Walters,juan54@example.org,408.434.9267x913,"2024-08-01 00:00:00"
8441,Jennifer,Morris,richardmorris@example.net,378.471.5593x05106,"2023-11-11 00:00:00"
8442,Susan,Martin,lisa64@example.org,574-902-0116,"2021-08-13 00:00:00"
8443,Monica,Day,alan20@example.org,939.975.3280x483,"2024-03-05 00:00:00"
8444,Larry,Mejia,sierraellis@example.net,(262)548-2145,"2021-05-08 00:00:00"
8445,Brandon,Williams,martinsmith@example.net,712.361.3067x313,"2020-09-20 00:00:00"
8446,Harold,Dyer,aliciamichael@example.org,001-859-325-2037x1472,"2023-07-22 00:00:00"
8447,Courtney,Sloan,wturner@example.com,657-323-4181x711,"2023-11-21 00:00:00"
8448,Francis,Sanders,timothy20@example.net,001-443-890-5571x845,"2021-07-18 00:00:00"
8449,Adam,Meyer,deborahvargas@example.org,+1-792-818-8557x1476,"2021-11-01 00:00:00"
8450,Emily,Evans,justinsmith@example.net,285.612.7194x5046,"2023-06-11 00:00:00"
8451,John,Mitchell,heather45@example.com,440-866-1605x426,"2021-11-01 00:00:00"
8452,Mary,Gaines,timothy07@example.org,(546)426-9376,"2020-09-13 00:00:00"
8453,Amanda,Bowman,cainvalerie@example.com,790-713-9935,"2020-04-12 00:00:00"
8454,Valerie,Dillon,nicolealvarez@example.org,409.409.9324,"2023-12-13 00:00:00"
8455,Tiffany,Allen,natasha78@example.com,(373)462-5020x915,"2024-04-12 00:00:00"
8456,Stephen,Woods,dylan92@example.com,+1-767-912-5547,"2021-02-22 00:00:00"
8457,Joseph,Browning,hannah91@example.org,(703)296-6408,"2022-09-21 00:00:00"
8458,James,Coleman,ashleyalexander@example.com,839.995.4632,"2022-08-29 00:00:00"
8459,David,Davis,skirk@example.com,791.822.8483,"2020-03-04 00:00:00"
8460,Kelli,Thomas,nsoto@example.net,001-531-501-1482,"2023-01-23 00:00:00"
8461,Jill,Thomas,katiesmith@example.org,001-240-781-7285x737,"2024-03-24 00:00:00"
8462,Brandon,Cohen,ssmith@example.net,001-980-752-5718,"2022-02-06 00:00:00"
8463,Elaine,Holloway,ruthsimmons@example.net,683.576.7015x33860,"2021-11-07 00:00:00"
8464,Kathryn,Salinas,timothyyoung@example.net,(215)742-0357x25495,"2020-06-17 00:00:00"
8465,Mercedes,Francis,patrickramos@example.net,(658)666-1733x5512,"2023-11-28 00:00:00"
8466,Daniel,Marshall,laura45@example.org,(463)206-8111,"2020-11-20 00:00:00"
8467,Leslie,Cruz,brianahunter@example.net,001-599-700-2081,"2022-10-27 00:00:00"
8468,James,Brown,jessica94@example.net,4223353252,"2021-12-29 00:00:00"
8469,Richard,Patterson,halljoshua@example.com,(586)810-3898,"2022-05-07 00:00:00"
8470,Allen,James,luismoody@example.net,(607)786-6970x72328,"2022-08-05 00:00:00"
8471,Jonathan,Mcmahon,layala@example.org,3193176086,"2024-05-27 00:00:00"
8472,James,Baker,abradley@example.net,998.316.8347,"2020-12-21 00:00:00"
8473,Christopher,Dougherty,joseph28@example.net,(943)844-9021x5605,"2022-04-22 00:00:00"
8474,Melissa,White,dominiqueroy@example.com,001-837-345-3219,"2020-04-11 00:00:00"
8475,David,Morales,johnpeterson@example.net,990.553.3194,"2023-06-06 00:00:00"
8476,Shelly,Houston,richard25@example.net,669-354-0357x86067,"2022-03-22 00:00:00"
8477,Matthew,Lang,jennifer50@example.net,001-355-749-3568x2892,"2021-01-16 00:00:00"
8478,Brandy,Sanford,ihorn@example.com,(691)922-2527,"2023-03-21 00:00:00"
8479,Deborah,Smith,dmitchell@example.org,285.508.6713,"2024-02-24 00:00:00"
8480,Sarah,Gordon,wayne69@example.org,+1-836-339-8192x52958,"2024-08-02 00:00:00"
8481,Jacob,Thompson,josephcollier@example.net,(512)208-4678x70577,"2021-03-24 00:00:00"
8482,Henry,Smith,wrightnatalie@example.net,668.976.5513x2606,"2020-05-21 00:00:00"
8483,Stephanie,Ball,meganmiranda@example.org,(426)494-8175,"2022-02-21 00:00:00"
8484,Caroline,Bradshaw,vperry@example.org,656-305-6512x9540,"2023-06-22 00:00:00"
8485,Andrea,Hall,kodonnell@example.org,378.580.0793,"2020-06-18 00:00:00"
8486,Hayley,Hoffman,staceyhopkins@example.org,897-297-6439,"2021-10-21 00:00:00"
8487,Debra,Gardner,callen@example.net,001-993-395-6709,"2021-05-20 00:00:00"
8488,Richard,Escobar,cmitchell@example.com,001-388-681-4615x36661,"2024-01-19 00:00:00"
8489,Heather,Johnson,aaron27@example.org,(939)348-2920,"2020-11-05 00:00:00"
8490,Angelica,Estrada,cochransarah@example.net,+1-511-825-0843,"2023-10-16 00:00:00"
8491,Brian,Thomas,kylejuarez@example.org,697.867.9038,"2024-03-30 00:00:00"
8492,Kevin,Wilson,slittle@example.com,001-678-878-5304,"2020-07-16 00:00:00"
8493,Erica,Hendricks,tbrown@example.com,8523609020,"2024-06-01 00:00:00"
8494,Rhonda,Morris,zgregory@example.net,+1-481-762-2035x390,"2022-02-18 00:00:00"
8495,Janice,Duncan,amber24@example.org,889-382-3282x033,"2022-06-29 00:00:00"
8496,Maria,Jackson,brookehernandez@example.org,001-723-626-2529x60506,"2021-06-01 00:00:00"
8497,Noah,Maxwell,christianjones@example.com,+1-767-507-0707x393,"2023-03-22 00:00:00"
8498,Karen,Maynard,emilycampbell@example.com,258-923-8665,"2024-12-24 00:00:00"
8499,David,Krueger,ibarnes@example.org,+1-559-970-1141,"2022-05-15 00:00:00"
8500,Karen,Miller,dlandry@example.net,(660)310-9300x851,"2023-08-11 00:00:00"
8501,Erin,Williams,robertstout@example.com,001-294-983-7525x15482,"2023-02-23 00:00:00"
8502,Cynthia,Blankenship,dscott@example.net,578-818-7226,"2020-05-19 00:00:00"
8503,Fred,Miller,williamsdebra@example.net,508-339-5502,"2024-11-17 00:00:00"
8504,Cody,Stark,zlee@example.net,(668)259-3499,"2024-01-12 00:00:00"
8505,Anthony,Daniels,kristinscott@example.com,2625256934,"2022-09-09 00:00:00"
8506,Tricia,Wade,patrickarnold@example.org,001-323-519-9999,"2020-06-28 00:00:00"
8507,Hector,Atkinson,anthony68@example.org,501.319.6092x713,"2021-01-31 00:00:00"
8508,Christopher,Phillips,penny27@example.net,001-435-568-3192x10612,"2023-06-16 00:00:00"
8509,Ashley,Moreno,tiffany94@example.org,434-520-8045,"2024-12-16 00:00:00"
8510,Christopher,Alexander,hernandezlinda@example.net,599.692.1690x0333,"2022-01-31 00:00:00"
8511,Ashley,Chen,leahsmith@example.com,001-216-402-9399x1902,"2022-04-17 00:00:00"
8512,Nicole,Gibson,adkinsjeffrey@example.com,+1-310-298-1932,"2024-05-24 00:00:00"
8513,Robert,Riley,owensbrandon@example.com,(685)574-8240x37099,"2021-05-29 00:00:00"
8514,Sabrina,Roberts,jacobsvalerie@example.net,001-726-828-2443x284,"2022-05-06 00:00:00"
8515,Audrey,Bishop,melissastevens@example.net,(519)474-9463,"2024-05-01 00:00:00"
8516,Jeffrey,Blevins,fernando01@example.net,(308)947-2357x4101,"2021-06-28 00:00:00"
8517,Rebecca,Gonzalez,yhuff@example.com,001-622-378-0881,"2024-07-26 00:00:00"
8518,Dustin,Brown,schultzchristopher@example.net,3378474963,"2023-12-09 00:00:00"
8519,Jennifer,Adams,cody00@example.com,310.820.7028,"2021-06-21 00:00:00"
8520,Christopher,Beard,oanderson@example.com,629-361-1489x842,"2020-12-01 00:00:00"
8521,Gina,Lopez,taylorkristen@example.org,637-923-7326,"2023-06-06 00:00:00"
8522,John,Fernandez,daniellegarcia@example.org,(904)679-6183x95380,"2021-08-10 00:00:00"
8523,Eddie,Esparza,rodriguezdenise@example.net,(660)421-6508x6724,"2023-02-05 00:00:00"
8524,Sandra,Romero,autumn77@example.net,722.930.3337,"2024-07-27 00:00:00"
8525,Jeffrey,Carter,erikaperez@example.net,001-243-851-1396x211,"2023-01-10 00:00:00"
8526,Joy,Martinez,mark43@example.org,(786)452-9391x9079,"2023-12-23 00:00:00"
8527,Russell,Short,umiddleton@example.net,566.458.4909,"2024-07-28 00:00:00"
8528,Dana,Garcia,bradleyangela@example.net,7426034664,"2023-05-27 00:00:00"
8529,Margaret,Long,robert92@example.org,+1-330-374-8873x59841,"2021-08-05 00:00:00"
8530,Amanda,Murray,peter07@example.net,+1-416-236-4598,"2024-08-21 00:00:00"
8531,Michael,Elliott,stevenaguirre@example.com,887-619-4204x0497,"2021-10-10 00:00:00"
8532,Sharon,Armstrong,rsmith@example.net,680.769.1675,"2022-08-29 00:00:00"
8533,David,Johnson,maxwellandrew@example.net,(501)482-8827x23768,"2021-05-20 00:00:00"
8534,Robert,White,ssimpson@example.com,(649)541-9892,"2024-01-05 00:00:00"
8535,Hunter,Reed,aprilmartin@example.com,(405)676-1998,"2020-05-06 00:00:00"
8536,Mary,Campbell,destinymolina@example.net,5513498572,"2023-08-04 00:00:00"
8537,Heather,Mitchell,courtneyscott@example.net,(475)663-1573x166,"2023-07-17 00:00:00"
8538,Linda,Hale,nicholas52@example.com,668-706-2008x72979,"2020-03-27 00:00:00"
8539,Robert,Wallace,cmartin@example.org,303-902-1170x417,"2024-04-20 00:00:00"
8540,Douglas,Benton,andersonlaura@example.org,(225)398-7392,"2023-08-29 00:00:00"
8541,Tanya,Stokes,williamsmartin@example.com,609.517.8905x3890,"2024-07-16 00:00:00"
8542,Emily,Solis,rileymichael@example.org,565-563-0906,"2020-11-14 00:00:00"
8543,Michael,Green,amy18@example.com,9417072120,"2024-03-14 00:00:00"
8544,Abigail,Lopez,shane39@example.com,813-764-0753x28711,"2022-02-09 00:00:00"
8545,Richard,Freeman,robinrichmond@example.net,(926)797-3412,"2020-09-30 00:00:00"
8546,Mackenzie,Barker,wheelerabigail@example.com,001-964-442-6329x30097,"2024-11-27 00:00:00"
8547,Dawn,Miller,morenokathleen@example.net,(542)868-2391,"2023-12-19 00:00:00"
8548,Charles,Garcia,billynelson@example.com,511-662-8665,"2024-03-08 00:00:00"
8549,Jason,Nguyen,jdavid@example.org,+1-757-613-5054x1253,"2024-02-18 00:00:00"
8550,Jesse,Jones,katherine29@example.com,+1-965-671-8371x873,"2022-09-26 00:00:00"
8551,Sarah,Coleman,jorgeedwards@example.net,906.351.5668,"2022-07-05 00:00:00"
8552,Nicholas,Hall,torresrandy@example.com,251.954.0636,"2021-01-04 00:00:00"
8553,Morgan,Smith,vlindsey@example.net,4743201705,"2021-08-22 00:00:00"
8554,Miranda,Davis,williamrosales@example.com,(856)880-6568x1435,"2024-04-15 00:00:00"
8555,Suzanne,Duran,oliviakey@example.com,001-964-720-8854,"2020-11-15 00:00:00"
8556,Eric,Mendoza,jamescochran@example.com,+1-523-422-2474x86651,"2024-03-27 00:00:00"
8557,Barry,Brown,coxalexander@example.com,564-455-7823x56006,"2020-12-02 00:00:00"
8558,Janet,Gutierrez,james50@example.org,7935549561,"2024-10-08 00:00:00"
8559,Beverly,Collins,nicholas11@example.org,607-890-6175x1094,"2020-04-02 00:00:00"
8560,Seth,Lawson,grossalexa@example.net,597-925-1740x10323,"2024-12-30 00:00:00"
8561,Kimberly,Young,lori40@example.com,993.926.0398,"2021-11-07 00:00:00"
8562,Jacob,Robinson,gonzalezanna@example.org,001-812-480-2165x080,"2021-10-22 00:00:00"
8563,Carlos,Newton,ethan00@example.com,001-628-235-5895x639,"2021-06-22 00:00:00"
8564,Andrew,Rice,john57@example.net,(505)550-5289,"2022-01-27 00:00:00"
8565,Erin,Hall,jamesho@example.org,(855)577-2207x989,"2024-03-22 00:00:00"
8566,Stephen,Rubio,yukristin@example.com,001-695-364-6333x053,"2024-10-14 00:00:00"
8567,Angela,Allen,rosschristopher@example.net,993-378-3417,"2023-09-08 00:00:00"
8568,Jessica,Anderson,jessica51@example.org,001-597-720-1300,"2021-05-13 00:00:00"
8569,Michael,Jensen,angellin@example.com,001-983-897-2429x75078,"2024-05-15 00:00:00"
8570,Kyle,Ryan,rebeccahammond@example.net,(322)246-4248x539,"2023-11-20 00:00:00"
8571,Corey,Henderson,megangonzalez@example.net,(951)589-3578x2310,"2022-08-30 00:00:00"
8572,Robin,Munoz,betty52@example.org,+1-759-209-9958x491,"2020-05-07 00:00:00"
8573,Shelby,Johnston,daniellereid@example.com,(262)595-9636,"2024-09-03 00:00:00"
8574,Kara,Cole,katherine64@example.org,001-331-319-2754x70954,"2024-06-14 00:00:00"
8575,Kimberly,Reynolds,catherine33@example.org,732.650.7585,"2024-08-24 00:00:00"
8576,Andrew,Scott,owilliams@example.net,367.454.8233x3014,"2023-05-04 00:00:00"
8577,Marie,Watson,nthornton@example.org,(986)637-8082x136,"2023-10-22 00:00:00"
8578,Allison,Martin,kimberly34@example.org,+1-678-475-0134x9082,"2020-12-21 00:00:00"
8579,Chelsea,Holloway,bryanjonathon@example.com,692-453-2444,"2024-01-27 00:00:00"
8580,Ian,Murray,carolbrown@example.com,4313706316,"2021-11-18 00:00:00"
8581,Kara,Thompson,williamarmstrong@example.com,775.535.4004x7503,"2022-09-21 00:00:00"
8582,Lee,Gordon,ianacosta@example.net,001-941-699-9920x744,"2020-07-25 00:00:00"
8583,Jennifer,Johnson,obooker@example.com,(904)589-8224x555,"2021-03-12 00:00:00"
8584,Kathleen,Brown,jenniferjohnson@example.net,273.669.3543,"2021-07-12 00:00:00"
8585,Daniel,Goodman,xthompson@example.net,(762)808-8388x62191,"2023-03-26 00:00:00"
8586,Taylor,Lopez,trodriguez@example.com,001-707-950-9176x1828,"2020-09-22 00:00:00"
8587,Deborah,Bond,torresmaria@example.org,371-584-5550x367,"2021-08-08 00:00:00"
8588,Adrian,Jensen,donald82@example.com,(890)281-6427x9345,"2020-10-05 00:00:00"
8589,Rebecca,Larson,martindominique@example.com,8475634929,"2021-10-23 00:00:00"
8590,Alicia,Jones,daniel39@example.org,(673)496-7860,"2023-09-11 00:00:00"
8591,Raymond,Kim,christopher28@example.org,862-543-1676,"2020-09-06 00:00:00"
8592,Justin,Johnson,choilaura@example.com,9982633171,"2024-06-27 00:00:00"
8593,Samantha,Luna,lisa66@example.org,+1-658-878-1834x459,"2022-04-11 00:00:00"
8594,Kathy,Soto,dparker@example.net,+1-446-775-8176x63045,"2022-10-31 00:00:00"
8595,Alan,Taylor,qmoody@example.com,001-820-317-7565x318,"2022-12-15 00:00:00"
8596,Ian,Rivers,kristaking@example.net,4398540186,"2021-04-08 00:00:00"
8597,Nicole,Martin,cdavis@example.com,414-739-7192x417,"2022-04-30 00:00:00"
8598,Bryan,Jennings,vwalker@example.org,+1-868-964-0707,"2021-07-31 00:00:00"
8599,Richard,Brewer,nmercer@example.org,536.632.9435,"2023-09-12 00:00:00"
8600,Richard,Martinez,robertellison@example.org,8866916360,"2024-11-26 00:00:00"
8601,Anna,Garcia,howens@example.com,264.545.9333x972,"2022-12-11 00:00:00"
8602,Daniel,Hall,courtneyjimenez@example.com,(892)268-2045x6235,"2023-11-27 00:00:00"
8603,Caitlin,Martin,vhall@example.net,(891)499-6375,"2020-03-17 00:00:00"
8604,Tyler,Welch,hgreene@example.net,483.417.4203,"2023-05-22 00:00:00"
8605,Brandon,Martinez,jeffreynicholson@example.org,856.306.0664x4403,"2023-10-09 00:00:00"
8606,Steven,Smith,karenmercado@example.com,483.506.0306,"2021-07-24 00:00:00"
8607,Ashley,Gonzales,rachel40@example.com,423.209.1983,"2020-11-11 00:00:00"
8608,Misty,Atkinson,debracarter@example.com,+1-926-456-0278,"2020-07-23 00:00:00"
8609,Sarah,Mcmillan,herreragordon@example.org,238.712.0844,"2022-10-25 00:00:00"
8610,Maurice,Baldwin,gaydouglas@example.org,001-738-522-9019x547,"2024-04-24 00:00:00"
8611,Joel,Duke,buchananbenjamin@example.org,+1-602-514-0511x5100,"2020-09-15 00:00:00"
8612,Nathan,Joseph,zunigajason@example.org,(569)304-2331,"2024-07-21 00:00:00"
8613,Laurie,Herrera,dunnpaul@example.org,(329)385-3994x70907,"2021-05-15 00:00:00"
8614,Emma,Rich,porterjennifer@example.com,+1-226-917-6457x77066,"2021-04-09 00:00:00"
8615,Marcus,Castillo,angeladouglas@example.net,(366)427-3728x975,"2024-07-05 00:00:00"
8616,Vincent,Valdez,heather17@example.com,729-546-9649,"2021-02-02 00:00:00"
8617,Jamie,Barnett,philipcurtis@example.com,837-632-2891,"2022-04-27 00:00:00"
8618,Elizabeth,Peterson,hernandezjanet@example.org,433.888.0858,"2020-12-07 00:00:00"
8619,Patrick,Lynch,john90@example.net,864-916-7986,"2023-10-23 00:00:00"
8620,Douglas,Dunn,jasonwilliams@example.org,628-322-4335x05585,"2023-11-24 00:00:00"
8621,Patrick,Bryant,alexiswillis@example.org,686.975.3505x8222,"2020-04-27 00:00:00"
8622,Deborah,Miller,shellycox@example.org,+1-425-477-7364x7770,"2021-04-23 00:00:00"
8623,Austin,Foster,glasslinda@example.com,820-858-8839,"2020-08-16 00:00:00"
8624,Sheila,Donaldson,icampos@example.org,851-715-0070,"2023-08-25 00:00:00"
8625,Susan,Price,nstewart@example.com,001-457-834-3319x12846,"2021-01-07 00:00:00"
8626,Hector,Nelson,mmullins@example.org,954-532-2239x7642,"2021-11-10 00:00:00"
8627,Raymond,Mitchell,katherinemitchell@example.net,(617)942-0641x25301,"2020-05-17 00:00:00"
8628,Adam,Cobb,awalters@example.com,+1-265-587-4034,"2024-10-01 00:00:00"
8629,Jeffrey,Johnson,whiteheaddavid@example.net,334-476-9581x74413,"2024-08-30 00:00:00"
8630,Sharon,Jones,karagordon@example.net,680-659-9081,"2024-09-07 00:00:00"
8631,Thomas,Cisneros,obrown@example.com,802.366.0615,"2024-07-28 00:00:00"
8632,George,Ball,jwilson@example.com,+1-419-945-1848x7221,"2021-04-07 00:00:00"
8633,Adam,Luna,xnelson@example.org,001-352-991-4500x7419,"2022-10-25 00:00:00"
8634,Keith,Haynes,solomontodd@example.net,352-820-3763,"2022-03-07 00:00:00"
8635,Brett,Collins,randall72@example.org,+1-952-683-4845x1672,"2021-08-07 00:00:00"
8636,Amy,Mack,sandrastewart@example.net,001-693-516-3781x0773,"2021-06-01 00:00:00"
8637,Christine,Baker,dawn53@example.net,547.789.8460,"2024-08-01 00:00:00"
8638,Jodi,Kemp,jonathan62@example.net,(977)864-9132x825,"2021-02-01 00:00:00"
8639,David,Ponce,raymondmiller@example.org,(407)938-6000,"2024-11-05 00:00:00"
8640,Michelle,Perez,tevans@example.com,+1-752-718-2410x6876,"2021-03-01 00:00:00"
8641,Lawrence,Fisher,wilcoxisabella@example.net,584.771.5531x267,"2022-12-31 00:00:00"
8642,Linda,Larson,calvinbenjamin@example.com,(482)565-0591,"2024-01-24 00:00:00"
8643,Mindy,Lee,sharon46@example.com,+1-265-819-1354x311,"2023-05-10 00:00:00"
8644,Rose,Gibson,katherinewebb@example.com,+1-304-664-4067x3863,"2022-11-29 00:00:00"
8645,Nicholas,Perry,jason05@example.org,001-709-908-4853x888,"2023-06-12 00:00:00"
8646,Warren,Leonard,fflynn@example.org,001-439-430-6264x53964,"2022-06-21 00:00:00"
8647,Gregory,Peterson,victoriamiller@example.net,822-656-4187x8540,"2023-05-18 00:00:00"
8648,William,Newton,lrobinson@example.net,494-676-3514x318,"2022-03-02 00:00:00"
8649,Lauren,Short,allenvanessa@example.org,398-871-3952x97939,"2020-09-13 00:00:00"
8650,Robert,Miller,pauljenkins@example.org,001-625-289-7378x4295,"2024-07-13 00:00:00"
8651,Isabella,Acosta,hannahparsons@example.com,611.588.2558x929,"2020-02-13 00:00:00"
8652,Joshua,Nichols,christina36@example.net,949-356-2146x685,"2021-08-12 00:00:00"
8653,Natalie,Soto,crowe@example.com,8097001858,"2020-07-15 00:00:00"
8654,Douglas,Alvarez,owilliams@example.org,954-537-3573x7538,"2022-03-26 00:00:00"
8655,Thomas,Parker,mjefferson@example.com,3003432450,"2023-06-21 00:00:00"
8656,Jeffrey,Phillips,whitejames@example.net,+1-273-219-6014x08355,"2020-03-04 00:00:00"
8657,Lisa,Jones,bcarpenter@example.com,001-660-763-4826x482,"2020-09-26 00:00:00"
8658,Roberto,Russell,ybrooks@example.org,566-465-8816x5876,"2021-08-19 00:00:00"
8659,Frank,Edwards,nicole81@example.org,(985)467-3667,"2024-11-20 00:00:00"
8660,Jacob,Smith,thomas55@example.com,(682)958-0701x529,"2020-04-11 00:00:00"
8661,Rodney,Sanchez,hcosta@example.org,831-273-3665,"2024-04-22 00:00:00"
8662,Christopher,Espinoza,stephanie79@example.net,(566)422-1874,"2022-02-15 00:00:00"
8663,Ashley,Williams,wernererin@example.com,+1-534-371-3039x99619,"2021-06-11 00:00:00"
8664,Tiffany,Stafford,pamelabowman@example.com,001-834-685-4428x318,"2024-05-06 00:00:00"
8665,Meagan,Lopez,elarsen@example.com,763.627.2111x8770,"2020-06-24 00:00:00"
8666,Stephanie,Meyer,bhernandez@example.org,001-287-648-3720x3199,"2021-09-28 00:00:00"
8667,Lisa,Wright,christian05@example.org,+1-890-841-8551x65898,"2023-08-07 00:00:00"
8668,Shawn,Reed,rheath@example.org,001-688-712-4899x272,"2022-09-26 00:00:00"
8669,Shawn,House,pwise@example.com,+1-448-403-8764,"2021-09-26 00:00:00"
8670,Juan,Calhoun,rgreen@example.com,2005793562,"2023-08-13 00:00:00"
8671,Franklin,Evans,edwin70@example.net,+1-283-775-9130x82143,"2022-07-11 00:00:00"
8672,Paul,Rodriguez,wernerjohnathan@example.org,586.920.2133,"2023-09-24 00:00:00"
8673,Kyle,Bryant,stevenvasquez@example.net,745-757-4382,"2023-06-20 00:00:00"
8674,Sara,Gibson,moorestacey@example.org,001-846-910-3633x5065,"2024-12-09 00:00:00"
8675,Tommy,Nicholson,acastro@example.org,659.330.4796x0134,"2024-05-07 00:00:00"
8676,Louis,Serrano,mvillanueva@example.net,001-615-574-7656,"2021-12-02 00:00:00"
8677,Misty,Campbell,mcampbell@example.org,8973384085,"2024-05-27 00:00:00"
8678,Maria,Mccormick,tamaraclark@example.org,(850)431-7301x8388,"2020-08-16 00:00:00"
8679,Joshua,Woods,qhendricks@example.com,447.678.5728x788,"2020-08-31 00:00:00"
8680,Micheal,Mcgee,mdavis@example.net,(885)409-5112x688,"2024-12-21 00:00:00"
8681,John,Brown,taravaughn@example.net,001-874-881-0262x9442,"2024-03-10 00:00:00"
8682,Jill,Bridges,sharonnelson@example.com,+1-459-380-5273x8250,"2021-12-11 00:00:00"
8683,Andrew,Smith,natasha65@example.org,416.390.7282x848,"2022-09-23 00:00:00"
8684,Daniel,Cruz,hoodmary@example.com,8467356577,"2023-11-17 00:00:00"
8685,Emma,Bowman,paul21@example.com,7025783338,"2020-06-25 00:00:00"
8686,Jeremy,Coleman,jonathan85@example.com,228.561.8977x235,"2021-12-25 00:00:00"
8687,Robert,Flores,jclark@example.com,392.230.8318,"2021-09-29 00:00:00"
8688,Melissa,Thompson,dean94@example.org,465-967-4868x72220,"2025-01-07 00:00:00"
8689,Mark,Gonzalez,gilesalyssa@example.com,573.450.2340x98559,"2023-02-21 00:00:00"
8690,Jennifer,Kelley,grayjonathan@example.com,326.892.3812,"2023-10-02 00:00:00"
8691,Antonio,Santos,coopermichelle@example.org,+1-245-311-4099,"2020-05-09 00:00:00"
8692,Hannah,Nguyen,victoriagreen@example.org,436-422-5545x62983,"2023-12-29 00:00:00"
8693,Alejandro,Burnett,nunezleonard@example.com,567.221.5997x82984,"2023-11-28 00:00:00"
8694,Sara,Taylor,robertskirk@example.org,001-400-477-7228x507,"2020-01-25 00:00:00"
8695,Christopher,Weeks,petersonsherry@example.org,001-431-465-1147x7673,"2022-05-27 00:00:00"
8696,Sarah,Miller,joshualee@example.org,511.754.7466,"2021-03-09 00:00:00"
8697,Nathan,Allen,griffinkevin@example.com,+1-648-507-0984x05653,"2024-09-27 00:00:00"
8698,Ronald,Wang,charlotte77@example.com,5056461083,"2024-05-24 00:00:00"
8699,Brandon,Patel,vmunoz@example.org,7742731545,"2022-02-04 00:00:00"
8700,Steven,King,jamesmyers@example.net,(553)855-7312x64425,"2022-02-07 00:00:00"
8701,Angela,Page,rojasblake@example.net,+1-546-390-6057x7202,"2021-07-27 00:00:00"
8702,Brandi,Taylor,cathy88@example.com,001-966-258-8415x201,"2023-09-27 00:00:00"
8703,Steven,Garza,thomas66@example.net,001-329-361-4383x604,"2023-10-24 00:00:00"
8704,Sara,Wallace,john58@example.net,(646)519-6118x2051,"2022-03-02 00:00:00"
8705,Christopher,Peterson,noah98@example.com,4122099532,"2021-03-30 00:00:00"
8706,John,Acosta,thomasconner@example.org,+1-351-240-8848,"2021-06-24 00:00:00"
8707,Jessica,Thompson,browngloria@example.net,238-798-5212x549,"2023-11-25 00:00:00"
8708,Calvin,Hawkins,antonio22@example.com,375-690-0261,"2021-03-29 00:00:00"
8709,David,Nguyen,mitchell71@example.net,417.850.9765x357,"2023-02-18 00:00:00"
8710,Mary,Hurley,xjackson@example.com,598-996-2011x6360,"2022-08-17 00:00:00"
8711,Donald,Lewis,michael38@example.net,(795)653-7629x206,"2024-06-27 00:00:00"
8712,Elizabeth,Gibson,mcdanieldiana@example.net,829.379.2676,"2023-07-17 00:00:00"
8713,Ryan,Everett,rebecca11@example.net,+1-733-669-9408x6647,"2024-08-18 00:00:00"
8714,Jocelyn,Gilbert,sanfordbrandon@example.org,(550)899-6977,"2022-12-20 00:00:00"
8715,Daniel,Adkins,melanie28@example.com,328.970.3963x6766,"2020-03-02 00:00:00"
8716,Charles,Williams,stacyjohnson@example.com,001-223-256-9479x2095,"2021-06-02 00:00:00"
8717,Jonathan,Lewis,jason98@example.net,001-216-578-1921x646,"2024-08-27 00:00:00"
8718,Nicole,Reed,lindsay65@example.org,+1-962-830-1065,"2022-09-07 00:00:00"
8719,Jonathan,Harrison,susan09@example.com,920-212-0246x733,"2024-04-24 00:00:00"
8720,Julie,Campbell,wvasquez@example.net,+1-425-260-7834x80536,"2023-02-04 00:00:00"
8721,Barbara,Young,pmason@example.org,+1-483-566-4344x67880,"2020-07-29 00:00:00"
8722,Ronald,Smith,kjennings@example.com,680-551-0025x69487,"2021-05-23 00:00:00"
8723,Jessica,Mccormick,marshallchristopher@example.org,+1-858-876-0120x1963,"2024-12-03 00:00:00"
8724,Theresa,Williams,ncarr@example.com,5882547503,"2024-09-03 00:00:00"
8725,Kimberly,Russell,michaelreyes@example.org,+1-287-736-7548,"2020-09-05 00:00:00"
8726,Heidi,Allen,uwong@example.net,(527)584-3781x0063,"2022-03-13 00:00:00"
8727,Renee,Pearson,mcarney@example.net,3544237775,"2020-05-08 00:00:00"
8728,Thomas,Garrison,pdiaz@example.net,718-277-0033x442,"2021-08-25 00:00:00"
8729,Eric,Anderson,steven51@example.net,309.851.4239,"2024-03-18 00:00:00"
8730,Nancy,Peterson,gstevens@example.com,881.751.8874,"2024-10-02 00:00:00"
8731,Valerie,Dunlap,amitchell@example.net,(577)615-2638x49635,"2022-08-08 00:00:00"
8732,Joshua,Salas,carsoncatherine@example.net,8489626080,"2021-08-03 00:00:00"
8733,Jennifer,Campbell,nathanpayne@example.net,399-699-1813,"2024-11-20 00:00:00"
8734,Steven,Deleon,lindamason@example.com,947.341.8326,"2021-03-13 00:00:00"
8735,Willie,Williams,hopkinsryan@example.net,001-971-262-3962x521,"2024-05-03 00:00:00"
8736,Brooke,Perez,charlottegarcia@example.org,8448974105,"2023-01-25 00:00:00"
8737,Felicia,Cunningham,anthonyhester@example.net,623.270.6366,"2020-09-07 00:00:00"
8738,Taylor,Miller,srobles@example.net,(433)451-5172x9346,"2021-08-07 00:00:00"
8739,Jennifer,Lewis,riverslaura@example.org,582-275-0731,"2021-04-21 00:00:00"
8740,Dwayne,Bryant,psandoval@example.org,773.608.7343x168,"2021-04-06 00:00:00"
8741,Hunter,Swanson,smithdavid@example.org,(984)483-1468,"2020-06-15 00:00:00"
8742,Michele,Owens,jameszachary@example.org,2606702574,"2023-11-04 00:00:00"
8743,Alan,Young,david49@example.net,(213)871-4183x902,"2024-07-19 00:00:00"
8744,Laura,Chase,toddjohnson@example.com,387-686-2227x5265,"2024-03-29 00:00:00"
8745,Rebecca,Wright,wfox@example.net,001-280-796-1117x8212,"2024-10-08 00:00:00"
8746,Briana,Simpson,pmills@example.net,604.286.2951x8707,"2021-12-16 00:00:00"
8747,Robert,Gardner,kathleenwaters@example.org,582-988-7914,"2024-05-23 00:00:00"
8748,Malik,Goodman,snowbrian@example.com,920-781-6885,"2020-02-18 00:00:00"
8749,Jacqueline,Brooks,bwhitney@example.org,(462)320-5487x45773,"2024-04-14 00:00:00"
8750,William,Patel,xwilson@example.net,(639)772-0787,"2024-06-16 00:00:00"
8751,Paul,Massey,tberry@example.org,386-279-6936x208,"2024-03-10 00:00:00"
8752,Robin,Cole,anthonygregory@example.net,418.494.1698x2070,"2022-09-07 00:00:00"
8753,Ian,Kennedy,zcobb@example.org,639.357.3198x979,"2024-06-08 00:00:00"
8754,Brandon,Williams,emaddox@example.org,787-874-4728x345,"2021-10-04 00:00:00"
8755,Daniel,Jones,jill97@example.net,+1-215-621-6012x406,"2022-05-14 00:00:00"
8756,Ashley,Grant,heather16@example.net,001-797-415-5839x8352,"2021-07-13 00:00:00"
8757,Kathleen,Foster,curtis05@example.com,689.927.1253,"2021-02-25 00:00:00"
8758,Laura,Murillo,jonespaul@example.com,970-544-4592x946,"2022-02-20 00:00:00"
8759,Mario,Fox,fischershawn@example.net,(881)925-5255x2927,"2022-10-31 00:00:00"
8760,Jessica,Hill,mevans@example.org,664.859.2815,"2022-12-03 00:00:00"
8761,Tina,Morrison,shannon75@example.com,001-671-448-0754x3345,"2022-05-27 00:00:00"
8762,Christopher,Johnston,castillokyle@example.org,(305)200-2540x7045,"2021-02-14 00:00:00"
8763,Steven,Smith,bassjocelyn@example.org,791.978.3270,"2024-10-23 00:00:00"
8764,Patricia,Sanders,iware@example.org,+1-955-736-8782x157,"2021-01-02 00:00:00"
8765,Katherine,Shepard,maryblack@example.com,+1-852-396-6308x9547,"2023-08-29 00:00:00"
8766,Debra,Boyer,davidjackson@example.com,295-616-1847x962,"2024-07-21 00:00:00"
8767,Wendy,Dodson,mcneiljames@example.org,498-765-6780x933,"2020-12-27 00:00:00"
8768,Sergio,Davis,annward@example.net,537.357.2805,"2023-10-07 00:00:00"
8769,Joshua,Garcia,antoniosmith@example.org,720.638.9081,"2020-02-24 00:00:00"
8770,Bryan,Marquez,kristophermoody@example.org,9795158958,"2023-12-29 00:00:00"
8771,Alan,Warren,ruth11@example.com,001-928-207-3757,"2023-12-20 00:00:00"
8772,Carol,Perkins,obanks@example.com,+1-458-332-4433x7008,"2022-02-26 00:00:00"
8773,Kathleen,Mitchell,phillipsmichael@example.com,2687816919,"2020-05-12 00:00:00"
8774,Brandon,Charles,sherri89@example.org,(315)869-2810x9276,"2024-06-23 00:00:00"
8775,Mary,Le,rebecca86@example.com,001-316-305-9662,"2022-04-08 00:00:00"
8776,Kyle,Brown,austinroy@example.org,+1-345-994-9687x760,"2023-07-22 00:00:00"
8777,James,Thomas,jonathanwells@example.org,(366)403-1249x06698,"2024-01-25 00:00:00"
8778,Jason,Griffin,sarawalker@example.net,+1-807-759-6248x85219,"2022-04-16 00:00:00"
8779,Eric,Santos,jvillarreal@example.net,815-802-5127x37671,"2023-05-04 00:00:00"
8780,Dylan,Davis,leecaleb@example.net,996.756.0192x1512,"2020-07-20 00:00:00"
8781,Judy,Carlson,daniel46@example.net,+1-831-482-1509x778,"2023-08-24 00:00:00"
8782,Todd,Velasquez,dgarrett@example.org,207-540-4079x9055,"2021-09-25 00:00:00"
8783,Robert,Sanchez,johnny40@example.com,+1-808-576-4256x6411,"2020-03-19 00:00:00"
8784,Trevor,Welch,harrisontim@example.com,2902791263,"2023-04-25 00:00:00"
8785,Deborah,Nguyen,jason07@example.net,(286)731-9868x976,"2024-05-22 00:00:00"
8786,Frederick,Hawkins,ashleyrivera@example.com,779-976-0618x5818,"2022-05-29 00:00:00"
8787,Kayla,Wright,maria34@example.com,(368)996-3072x725,"2022-11-03 00:00:00"
8788,Geoffrey,Allen,judycooper@example.com,783-774-6864x05918,"2020-06-18 00:00:00"
8789,Brian,Campbell,ovelez@example.net,220.342.2243,"2020-06-25 00:00:00"
8790,Jason,Collier,thomaswilson@example.net,(339)968-7913x123,"2020-04-04 00:00:00"
8791,Ronald,Cox,kdavis@example.net,001-835-872-1043,"2022-09-11 00:00:00"
8792,Adriana,Mueller,dosborne@example.org,317-339-2678,"2020-02-18 00:00:00"
8793,Natalie,Powell,richardlevy@example.com,790.251.5083,"2022-06-07 00:00:00"
8794,Christopher,Gardner,johnmoore@example.net,001-825-890-4587,"2021-02-19 00:00:00"
8795,Jason,Bender,rodriguezbonnie@example.org,001-258-845-3724,"2022-10-07 00:00:00"
8796,Jessica,Oneal,jchavez@example.com,(926)433-5448x9568,"2023-09-10 00:00:00"
8797,Anthony,Mcdaniel,christopher91@example.org,(541)918-5597x93011,"2022-02-08 00:00:00"
8798,Lauren,Evans,velasquezabigail@example.net,905-814-2188x8189,"2022-08-10 00:00:00"
8799,William,Mckenzie,nguerrero@example.com,+1-498-939-6382x4523,"2022-01-09 00:00:00"
8800,Maurice,Phillips,riverasteven@example.net,549-659-4382x555,"2023-11-11 00:00:00"
8801,Stephanie,Olson,rmartin@example.net,304.669.4883x697,"2022-06-17 00:00:00"
8802,Joseph,Blackburn,cooperwillie@example.net,+1-411-708-7517x6764,"2024-09-24 00:00:00"
8803,Anne,Harris,brandonholloway@example.com,(847)297-6092,"2023-07-19 00:00:00"
8804,Harry,Petersen,xmelton@example.com,+1-761-915-1987,"2024-11-07 00:00:00"
8805,Todd,Vargas,donald65@example.org,4452955911,"2023-06-16 00:00:00"
8806,Kathryn,Hebert,lauren22@example.com,(732)716-0148x74604,"2024-09-26 00:00:00"
8807,Theresa,Russo,blamb@example.net,001-657-362-1950x930,"2023-05-13 00:00:00"
8808,Lisa,Taylor,katherinecarter@example.org,001-983-470-9977x89285,"2021-08-12 00:00:00"
8809,Jon,Phelps,kaitlyn60@example.net,224-212-5234x480,"2024-10-28 00:00:00"
8810,Susan,Hunt,scarpenter@example.com,649.500.8263,"2023-11-27 00:00:00"
8811,Jean,Johnson,lmiller@example.net,257.946.6381,"2023-11-19 00:00:00"
8812,Gary,Kelly,grayamanda@example.com,001-827-779-8555,"2021-07-20 00:00:00"
8813,Kathryn,Snyder,spatterson@example.org,633.682.7516x127,"2022-06-23 00:00:00"
8814,Brandon,Norton,sandersbrittany@example.org,(676)438-8261x626,"2022-11-07 00:00:00"
8815,Michael,Donaldson,sherrimiller@example.com,(543)507-3621x69503,"2023-08-25 00:00:00"
8816,Katherine,Martinez,lgaines@example.net,247-595-8985,"2023-11-21 00:00:00"
8817,Brandon,Johnston,ecortez@example.com,460-876-8449,"2023-11-30 00:00:00"
8818,Joshua,Ellis,hfoley@example.com,001-883-601-3845,"2024-12-26 00:00:00"
8819,Taylor,Washington,ncoffey@example.com,316-627-5511x929,"2020-08-04 00:00:00"
8820,Whitney,Grant,adamflores@example.com,976-935-3880,"2024-01-12 00:00:00"
8821,William,Wagner,crystal08@example.org,+1-854-673-3603x933,"2022-05-02 00:00:00"
8822,Monique,Garcia,paula28@example.org,693.556.6913,"2021-01-19 00:00:00"
8823,Duane,Miller,cynthia80@example.net,001-229-483-6307x585,"2020-04-06 00:00:00"
8824,Darlene,Sanchez,browncharles@example.com,(421)957-8770x331,"2022-02-05 00:00:00"
8825,Megan,Ali,pjones@example.org,354-539-8671x46311,"2021-05-27 00:00:00"
8826,Corey,Sanchez,gmendez@example.org,(896)217-0227x139,"2023-10-07 00:00:00"
8827,Krista,Haynes,ashleycastro@example.org,623-332-1486,"2022-03-19 00:00:00"
8828,Ashley,Henson,uhenderson@example.com,925-986-0119,"2021-08-09 00:00:00"
8829,George,Gonzalez,cherryrebecca@example.com,515-755-4076,"2024-01-01 00:00:00"
8830,Beverly,Anderson,kjordan@example.net,(461)899-4508x3352,"2022-05-28 00:00:00"
8831,Ronald,Martinez,zachary08@example.org,626.628.7973,"2023-07-31 00:00:00"
8832,Elizabeth,Douglas,logan36@example.com,257.861.8249x8999,"2020-11-29 00:00:00"
8833,Bianca,Mills,nichole82@example.org,(702)493-6207x46712,"2020-08-27 00:00:00"
8834,Crystal,Jenkins,dstone@example.com,4614827241,"2024-09-05 00:00:00"
